Run,ReleaseDate,LoadDate,spots,bases,spots_with_mates,avgLength,size_MB,AssemblyName,download_path,Experiment,LibraryName,LibraryStrategy,LibrarySelection,LibrarySource,LibraryLayout,InsertSize,InsertDev,Platform,Model,SRAStudy,BioProject,Study_Pubmed_id,ProjectID,Sample,BioSample,SampleType,TaxID,ScientificName,SampleName,g1k_pop_code,source,g1k_analysis_group,Subject_ID,Sex,Disease,Tumor,Affection_Status,Analyte_Type,Histological_Type,Body_Site,CenterName,Submission,dbgap_study_accession,Consent,RunHash,ReadHash
SRR10803575,2020-01-01 12:36:10,2019-12-30 10:15:04,14992965,749648250,0,50,342,,https://sra-downloadb.be-md.ncbi.nlm.nih.gov/sos5/sra-pub-zq-14/SRR010/803/SRR10803575.sralite.1,SRX7477456,,RNA-Seq,cDNA,TRANSCRIPTOMIC,SINGLE,0,0,ILLUMINA,Illumina Genome Analyzer II,SRP239059,PRJNA598120,3,598120,SRS5921069,SAMN13698754,simple,7227,Drosophila melanogaster,GSM4238186,,,,,,,no,,,,,GEO,SRA1017694,,public,E5AF616E0E34C9D03EB3143273346A56,C0FB6BC343B9AE366167F9A1931537DB
SRR10803576,2020-01-01 12:36:10,2019-12-30 10:15:34,18242138,912106900,0,50,417,,https://sra-downloadb.be-md.ncbi.nlm.nih.gov/sos5/sra-pub-zq-14/SRR010/803/SRR10803576.sralite.1,SRX7477457,,RNA-Seq,cDNA,TRANSCRIPTOMIC,SINGLE,0,0,ILLUMINA,Illumina Genome Analyzer II,SRP239059,PRJNA598120,3,598120,SRS5921070,SAMN13698753,simple,7227,Drosophila melanogaster,GSM4238187,,,,,,,no,,,,,GEO,SRA1017694,,public,ACEC2583D5E9478730E3DB621636D4E0,A0BDAFF7C19C36F15F6A594824E7106E
SRR10803577,2020-01-01 12:36:10,2019-12-30 10:13:14,3887773,194388650,0,50,117,,https://sra-downloadb.be-md.ncbi.nlm.nih.gov/sos5/sra-pub-zq-14/SRR010/803/SRR10803577.sralite.1,SRX7477458,,RNA-Seq,cDNA,TRANSCRIPTOMIC,SINGLE,0,0,ILLUMINA,Illumina HiSeq 2500,SRP239059,PRJNA598120,3,598120,SRS5921071,SAMN13698752,simple,7227,Drosophila melanogaster,GSM4238188,,,,,,,no,,,,,GEO,SRA1017694,,public,A62D75756271E6301A4F762803C9A046,DFB46167D151D5D1B759254715E6CE00
SRR10803578,2020-01-01 12:36:10,2019-12-30 10:14:10,11709513,585475650,0,50,353,,https://sra-downloadb.be-md.ncbi.nlm.nih.gov/sos5/sra-pub-zq-14/SRR010/803/SRR10803578.sralite.1,SRX7477459,,RNA-Seq,cDNA,TRANSCRIPTOMIC,SINGLE,0,0,ILLUMINA,Illumina HiSeq 2500,SRP239059,PRJNA598120,3,598120,SRS5921072,SAMN13698751,simple,7227,Drosophila melanogaster,GSM4238189,,,,,,,no,,,,,GEO,SRA1017694,,public,FED2C91A182CC8549B782BE755E7B87F,27899C13EDEA61B29F506647600F9C43
SRR10803579,2020-01-01 12:36:10,2019-12-30 10:13:41,3821308,191065400,0,50,116,,https://sra-downloadb.be-md.ncbi.nlm.nih.gov/sos5/sra-pub-zq-14/SRR010/803/SRR10803579.sralite.1,SRX7477460,,RNA-Seq,cDNA,TRANSCRIPTOMIC,SINGLE,0,0,ILLUMINA,Illumina HiSeq 2500,SRP239059,PRJNA598120,3,598120,SRS5921073,SAMN13698750,simple,7227,Drosophila melanogaster,GSM4238190,,,,,,,no,,,,,GEO,SRA1017694,,public,733AF6224CC5AC7D7114A8F5CE5C8FE2,D29107D30D2A0FE3FDC2D0572E8133FA
SRR10803580,2020-01-01 12:36:10,2019-12-30 10:14:50,8727415,314186940,0,36,210,,https://sra-downloadb.be-md.ncbi.nlm.nih.gov/sos5/sra-pub-zq-14/SRR010/803/SRR10803580.sralite.1,SRX7477461,,RNA-Seq,cDNA,TRANSCRIPTOMIC,SINGLE,0,0,ILLUMINA,Illumina Genome Analyzer II,SRP239059,PRJNA598120,3,598120,SRS5921074,SAMN13698749,simple,7227,Drosophila melanogaster,GSM4238191,,,,,,,no,,,,,GEO,SRA1017694,,public,69539D181E5BBE0D84166AB242E8707D,504182135CCA4CA02CC2984183459A89
SRR10803581,2020-01-01 12:36:10,2019-12-30 10:15:06,7561213,272203668,0,36,185,,https://sra-downloadb.be-md.ncbi.nlm.nih.gov/sos5/sra-pub-zq-14/SRR010/803/SRR10803581.sralite.1,SRX7477462,,RNA-Seq,cDNA,TRANSCRIPTOMIC,SINGLE,0,0,ILLUMINA,Illumina Genome Analyzer II,SRP239059,PRJNA598120,3,598120,SRS5921075,SAMN13698748,simple,7227,Drosophila melanogaster,GSM4238192,,,,,,,no,,,,,GEO,SRA1017694,,public,DC9AEF33E015FD172E260BF05469823F,D8A85071F5BD60FA76E9C15B898B63E5
SRR10803582,2020-01-01 12:36:10,2019-12-30 10:16:22,17639912,881995600,0,50,532,,https://sra-downloadb.be-md.ncbi.nlm.nih.gov/sos9/sra-pub-zq-922/SRR010/803/SRR10803582.sralite.1,SRX7477463,,RNA-Seq,cDNA,TRANSCRIPTOMIC,SINGLE,0,0,ILLUMINA,Illumina HiSeq 2500,SRP239059,PRJNA598120,3,598120,SRS5921076,SAMN13698747,simple,7227,Drosophila melanogaster,GSM4238193,,,,,,,no,,,,,GEO,SRA1017694,,public,FAD50743C44413EB209CF47CB0CA6BD0,4B7B83E89B77646AE101D215D5D5D709
SRR10803583,2020-01-01 12:36:10,2019-12-30 10:16:47,10462563,523128150,0,50,314,,https://sra-downloadb.be-md.ncbi.nlm.nih.gov/sos5/sra-pub-zq-16/SRR010/803/SRR10803583.sralite.1,SRX7477464,,RNA-Seq,cDNA,TRANSCRIPTOMIC,SINGLE,0,0,ILLUMINA,Illumina HiSeq 2500,SRP239059,PRJNA598120,3,598120,SRS5921077,SAMN13698746,simple,7227,Drosophila melanogaster,GSM4238194,,,,,,,no,,,,,GEO,SRA1017694,,public,602634685F20766687248533B7D6DB9E,58B5C741EA9A81B790FC8C87C613B464
SRR10803584,2020-01-01 12:36:11,2019-12-30 10:15:51,5902085,295104250,0,50,179,,https://sra-downloadb.be-md.ncbi.nlm.nih.gov/sos5/sra-pub-zq-14/SRR010/803/SRR10803584.sralite.1,SRX7477465,,RNA-Seq,cDNA,TRANSCRIPTOMIC,SINGLE,0,0,ILLUMINA,Illumina HiSeq 2500,SRP239059,PRJNA598120,3,598120,SRS5921078,SAMN13698745,simple,7227,Drosophila melanogaster,GSM4238195,,,,,,,no,,,,,GEO,SRA1017694,,public,28BB85973F41D3B2D8D0C4B5DF42C1FC,FE88380248969DCF8E9B14DD44AA5021
SRR10803585,2020-01-01 12:36:11,2019-12-30 10:19:39,27081215,1354060750,0,50,691,,https://sra-downloadb.be-md.ncbi.nlm.nih.gov/sos9/sra-pub-zq-922/SRR010/803/SRR10803585.sralite.1,SRX7477466,,RNA-Seq,cDNA,TRANSCRIPTOMIC,SINGLE,0,0,ILLUMINA,Illumina HiSeq 2500,SRP239059,PRJNA598120,3,598120,SRS5921079,SAMN13698744,simple,7227,Drosophila melanogaster,GSM4238196,,,,,,,no,,,,,GEO,SRA1017694,,public,5076DEECD0958FB27A49AE44D883D65E,56163F3264351EDFD73BA72944F1EB87
SRR10803586,2020-01-01 12:36:11,2019-12-30 10:19:48,25723705,1286185250,0,50,654,,https://sra-downloadb.be-md.ncbi.nlm.nih.gov/sos9/sra-pub-zq-922/SRR010/803/SRR10803586.sralite.1,SRX7477467,,RNA-Seq,cDNA,TRANSCRIPTOMIC,SINGLE,0,0,ILLUMINA,Illumina HiSeq 2500,SRP239059,PRJNA598120,3,598120,SRS5921080,SAMN13698743,simple,7227,Drosophila melanogaster,GSM4238197,,,,,,,no,,,,,GEO,SRA1017694,,public,5309304A9323565BAE860A40EEB0676B,058D6E37A06AF952C74BDEAEB8B490F3
SRR10803587,2020-01-01 12:36:11,2019-12-30 10:17:26,10250514,369018504,0,36,244,,https://sra-downloadb.be-md.ncbi.nlm.nih.gov/sos9/sra-pub-zq-922/SRR010/803/SRR10803587.sralite.1,SRX7477468,,RNA-Seq,cDNA,TRANSCRIPTOMIC,SINGLE,0,0,ILLUMINA,Illumina HiSeq 2500,SRP239059,PRJNA598120,3,598120,SRS5921081,SAMN13698742,simple,7227,Drosophila melanogaster,GSM4238198,,,,,,,no,,,,,GEO,SRA1017694,,public,B3C287984999DE2E8C4662C12A46BFCE,35F574F8437B1C4A5E3906E321C0B418
SRR10803588,2020-01-01 12:36:11,2019-12-30 10:17:12,10870601,543530050,0,50,300,,https://sra-downloadb.be-md.ncbi.nlm.nih.gov/sos5/sra-pub-zq-16/SRR010/803/SRR10803588.sralite.1,SRX7477469,,RNA-Seq,cDNA,TRANSCRIPTOMIC,SINGLE,0,0,ILLUMINA,Illumina HiSeq 2500,SRP239059,PRJNA598120,3,598120,SRS5921082,SAMN13698741,simple,7227,Drosophila melanogaster,GSM4238199,,,,,,,no,,,,,GEO,SRA1017694,,public,44D44B5EBB90BE1BE2642290EE65CF2A,4EA27445CD445EC9230B90352F9BC588
SRR10803589,2020-01-01 12:36:11,2019-12-30 10:17:30,8408805,302716980,0,36,209,,https://sra-downloadb.be-md.ncbi.nlm.nih.gov/sos5/sra-pub-zq-16/SRR010/803/SRR10803589.sralite.1,SRX7477470,,RNA-Seq,cDNA,TRANSCRIPTOMIC,SINGLE,0,0,ILLUMINA,Illumina Genome Analyzer II,SRP239059,PRJNA598120,3,598120,SRS5921083,SAMN13698740,simple,7227,Drosophila melanogaster,GSM4238200,,,,,,,no,,,,,GEO,SRA1017694,,public,83475D310E843712DF7BB520BE616CD4,41BF73B098907CCAD658F7ADC294CC72
SRR10803590,2020-01-01 12:36:11,2019-12-30 10:18:09,7333933,264021588,0,36,178,,https://sra-downloadb.be-md.ncbi.nlm.nih.gov/sos5/sra-pub-zq-16/SRR010/803/SRR10803590.sralite.1,SRX7477471,,RNA-Seq,cDNA,TRANSCRIPTOMIC,SINGLE,0,0,ILLUMINA,Illumina Genome Analyzer II,SRP239059,PRJNA598120,3,598120,SRS5921084,SAMN13698739,simple,7227,Drosophila melanogaster,GSM4238201,,,,,,,no,,,,,GEO,SRA1017694,,public,E7A008580490AB3AAD57BCA58E8666B4,130EFC368D7BBA421D21A44F676EAC41
SRR10803591,2020-01-01 12:36:11,2019-12-30 10:18:27,10627923,382605228,0,36,270,,https://sra-downloadb.be-md.ncbi.nlm.nih.gov/sos5/sra-pub-zq-16/SRR010/803/SRR10803591.sralite.1,SRX7477472,,RNA-Seq,cDNA,TRANSCRIPTOMIC,SINGLE,0,0,ILLUMINA,Illumina Genome Analyzer II,SRP239059,PRJNA598120,3,598120,SRS5921085,SAMN13698738,simple,7227,Drosophila melanogaster,GSM4238202,,,,,,,no,,,,,GEO,SRA1017694,,public,4994750C5A621388C156D59C064DC71E,EAB16CE796A5FD27B74D827D375D6D89
SRR10803592,2020-01-01 12:36:11,2019-12-30 10:20:43,14755082,531182952,0,36,372,,https://sra-downloadb.be-md.ncbi.nlm.nih.gov/sos9/sra-pub-zq-922/SRR010/803/SRR10803592.sralite.1,SRX7477473,,RNA-Seq,cDNA,TRANSCRIPTOMIC,SINGLE,0,0,ILLUMINA,Illumina Genome Analyzer II,SRP239059,PRJNA598120,3,598120,SRS5921086,SAMN13698737,simple,7227,Drosophila melanogaster,GSM4238203,,,,,,,no,,,,,GEO,SRA1017694,,public,AF2561D635D87E79581107F41899F4A8,0E2B63E77A59A96CD8E805ADE94F5BD9
SRR10803593,2020-01-01 12:36:11,2019-12-30 10:20:00,15035629,541282644,0,36,381,,https://sra-downloadb.be-md.ncbi.nlm.nih.gov/sos9/sra-pub-zq-922/SRR010/803/SRR10803593.sralite.1,SRX7477474,,RNA-Seq,cDNA,TRANSCRIPTOMIC,SINGLE,0,0,ILLUMINA,Illumina Genome Analyzer II,SRP239059,PRJNA598120,3,598120,SRS5921087,SAMN13698736,simple,7227,Drosophila melanogaster,GSM4238204,,,,,,,no,,,,,GEO,SRA1017694,,public,36BF2B86B5D9654F0829D50E19E53C21,E3429B2F8D26FA7B87C8C8CBE3F29DD8
