Position_n,Cell_ID,cell_area_pxl,cell_vol_vox,cell_area_um2,cell_vol_fl,solidity
Position_9,7,73,430.5883179,0.308425,0.118250318,0.960526316
Position_9,15,3030,116531.8594,12.80175,32.00255966,0.975217251
Position_9,20,975,21674.43555,4.119375,5.952341557,0.969184891
Position_9,24,2475,82620.26563,10.456875,22.68959045,0.979809976
Position_9,35,2396,86458.21875,10.1231,23.74358749,0.962635597
Position_9,43,3705,159538.2813,15.653625,43.81319809,0.973462953
Position_9,45,2369,84237.42969,10.009025,23.13370323,0.961054767
Position_9,59,1754,51910.62109,7.41065,14.25595379,0.965327463
Position_9,63,2087,67021.375,8.817575,18.40574455,0.966203704
Position_9,66,2261,77347.77344,9.552725,21.24163246,0.963768116
Position_9,69,1795,53963.89063,7.583875,14.8198328,0.961435458
Position_9,71,3189,125120.375,13.473525,34.36118317,0.963153126
Position_9,79,2397,79201.3125,10.127325,21.75065994,0.97320341
Position_9,89,1877,53466.42969,7.930325,14.683218,0.949898785
Position_9,92,2607,98155.78125,11.014575,26.9560318,0.981181784
Position_9,105,1746,52258.14453,7.37685,14.35139275,0.977603583
Position_9,107,2561,94047.625,10.820225,25.82782936,0.9715478
Position_9,115,1642,47022.37109,6.93745,12.91351891,0.967020024
Position_9,116,1370,35366.92969,5.78825,9.71264267,0.972320795
Position_9,117,2590,95737.39063,10.94275,26.29187965,0.975885456
Position_9,122,2250,77795.92188,9.50625,21.36470413,0.979965157
Position_9,157,1794,55910.375,7.57965,15.35438633,0.975530179
Position_9,166,1994,60772.39063,8.42465,16.68961716,0.97553816
Position_9,167,1760,55067.04688,7.436,15.12278748,0.974529347
Position_10,13,2676,101198.4375,11.3061,27.79162025,0.964324324
Position_10,15,2812,108752.4063,11.8807,29.86612892,0.957765668
Position_10,20,1775,50026.01563,7.499375,13.73839474,0.976347635
Position_10,25,1919,62588.07813,8.107775,17.1882515,0.975101626
Position_10,28,1655,49280.875,6.992375,13.53376007,0.970674487
Position_10,44,1103,25567.87109,4.660175,7.021576405,0.96754386
Position_10,55,1492,42573.46484,6.3037,11.69173717,0.975801177
Position_10,70,2024,67197.27344,8.5514,18.45405006,0.977305649
Position_10,80,2412,83990.17969,10.1907,23.06580353,0.89366432
Position_10,82,3641,162025.9844,15.383225,44.49638367,0.978763441
Position_10,107,1257,31349.99609,5.310825,8.609492302,0.978210117
Position_10,146,1741,52167.24609,7.355725,14.32642937,0.947225245
Position_11,17,3171,133625.4844,13.397475,36.69689941,0.941228851
Position_11,21,2452,88242.59375,10.3597,24.2336216,0.943802925
Position_11,23,1098,24549.49023,4.63905,6.741903782,0.96231376
Position_11,29,1815,56133.40625,7.668375,15.41563606,0.969551282
Position_11,34,2754,105880.6016,11.63565,29.07745934,0.933559322
Position_11,36,1362,35356.90625,5.75445,9.709890366,0.977745872
Position_11,53,3174,131300.625,13.41015,36.05843353,0.967093236
Position_11,58,2170,75072.29688,9.16825,20.61672974,0.973530731
Position_11,59,1084,25559.31445,4.5799,7.019226551,0.973944295
Position_11,62,2361,79136.69531,9.975225,21.73291397,0.973608247
Position_11,68,1518,43040.52734,6.41355,11.82000446,0.975578406
Position_11,72,1339,35899.86719,5.657275,9.85900116,0.975236708
Position_11,76,2041,65082.76563,8.623225,17.87335396,0.977022499
Position_11,81,2528,92611.25,10.6808,25.43336487,0.965253914
Position_11,102,1581,43624.33594,6.679725,11.98033333,0.978341584
Position_11,109,1417,38299.44531,5.986825,10.51798534,0.9600271
Position_11,112,2259,78818.90625,9.544275,21.64564133,0.974126779
Position_11,113,2781,104842.0313,11.749725,28.79224205,0.888782359
Position_11,116,912,19650.21875,3.8532,5.39644146,0.976445396
Position_11,123,3508,145988.8125,14.8213,40.09217834,0.952225841
Position_11,126,1351,36510.11719,5.707975,10.02659035,0.976861894
Position_11,129,2058,68092.26563,8.69505,18.69983864,0.973049645
Position_11,141,1204,30818.66797,5.0869,8.463576317,0.973322555
Position_11,144,3365,143651.9375,14.217125,39.45041275,0.975928074
Position_12,1,1432,37515.12891,6.0502,10.30259228,0.962365591
Position_12,3,3693,165904.6094,15.602925,45.56155396,0.966753927
Position_12,4,3118,127208.0078,13.17355,34.93449783,0.972551466
Position_12,5,1573,40106.43359,6.645925,11.01422882,0.974597274
Position_12,34,2129,65996.61719,8.995025,18.12432098,0.980202578
Position_12,50,2090,66959.75,8.83025,18.38882065,0.968489342
Position_12,53,2586,94727.84375,10.92585,26.01463318,0.966006724
Position_12,54,1729,51121.96875,7.305025,14.03937054,0.975733634
Position_12,58,2298,79073.82813,9.70905,21.71565056,0.978705281
Position_12,65,2490,91863.77344,10.52025,25.22808838,0.936442272
Position_12,83,1807,56317.09766,7.634575,15.46608257,0.968900804
Position_12,91,1765,51875.63281,7.457125,14.24634552,0.965008201
Position_12,97,2387,86770.44531,10.085075,23.82933235,0.974285714
Position_12,100,2929,115951.1875,12.375025,31.84309387,0.976333333
Position_12,105,1243,32084.39648,5.251675,8.811177254,0.97185301
Position_12,108,2621,97912.19531,11.073725,26.88913536,0.972902747
Position_12,111,2394,87483.14063,10.11465,24.02505684,0.975152749
Position_12,115,2258,77051.14063,9.54005,21.1601696,0.954353339
Position_12,116,2220,75384.65625,9.3795,20.70251083,0.971978984
Position_12,119,2780,107514.3125,11.7455,29.52611732,0.967966574
Position_12,121,900,19612.67188,3.8025,5.386129856,0.965665236
Position_12,124,3258,123229.3438,13.76505,33.84185791,0.913628716
Position_12,126,2465,84378.51563,10.414625,23.17244911,0.943721286
Position_12,145,1208,30506.33203,5.1038,8.377800941,0.974193548
Position_12,170,2846,107621.9922,12.02435,29.55568886,0.97265892
Position_13,7,2157,74687.28125,9.113325,20.51099396,0.977344812
Position_13,11,2567,92813.96875,10.845575,25.48903656,0.972716938
Position_13,20,1511,43318.30859,6.383975,11.89629078,0.940846824
Position_13,23,1207,28267.83984,5.099575,7.763055325,0.97891322
Position_13,29,3363,141768.5781,14.208675,38.93319702,0.974217845
Position_13,40,2089,69588.90625,8.826025,19.1108532,0.981672932
Position_13,43,3139,118646.1953,13.262275,32.58320999,0.97545059
Position_13,50,2122,69984.23438,8.96545,19.21941948,0.976979742
Position_13,52,2033,64832.96875,8.589425,17.80475426,0.977403846
Position_13,54,2505,91475.20313,10.583625,25.12137794,0.97698908
Position_13,60,1145,28783.9668,4.837625,7.9047966,0.971162002
Position_13,61,2207,72295.10156,9.324575,19.85404205,0.964176496
Position_13,67,2209,71070.625,9.333025,19.51777077,0.979166667
Position_13,77,1407,37700.01563,5.944575,10.35336685,0.967675378
Position_13,80,2615,93796.44531,11.048375,25.75884819,0.942342342
Position_13,85,2751,105004.7188,11.622975,28.83691978,0.970028209
Position_13,88,1227,31282.4375,5.184075,8.590939522,0.976133652
Position_13,90,1357,37244.11328,5.733325,10.22816467,0.972759857
Position_13,95,2673,97650.01563,11.293425,26.81713486,0.975903614
Position_13,114,1777,54762.46094,7.507825,15.0391407,0.978524229
Position_13,135,1434,38784.82422,6.05865,10.65128231,0.971544715
Position_13,137,1327,34521.8125,5.606575,9.480552673,0.975735294
Position_14,25,1142,28579.24414,4.82495,7.848574638,0.977739726
Position_14,27,3425,145428.5938,14.470625,39.93832779,0.974950185
Position_14,28,1693,51520.60938,7.152925,14.14884758,0.974668969
Position_14,44,2275,79602.125,9.611875,21.86073303,0.979337064
Position_14,46,2105,66150.95313,8.893625,18.16670609,0.949481281
Position_14,54,1808,46351.42188,7.6388,12.72925949,0.966328167
Position_14,56,2268,77042.04688,9.5823,21.15767097,0.980968858
Position_14,60,1506,42906.31641,6.36285,11.78314686,0.973497091
Position_14,62,817,16907.70703,3.451825,4.643279076,0.976105137
Position_14,65,2463,89929.07813,10.406175,24.69677353,0.964369616
Position_14,75,821,17058.19336,3.468725,4.684606075,0.975059382
Position_14,78,1939,62183.09375,8.192275,17.07703209,0.977318548
Position_14,82,1197,29950.08984,5.057325,8.225043297,0.968446602
Position_14,83,3431,147988.9688,14.495975,40.64146805,0.980285714
Position_14,94,1079,25938.29492,4.558775,7.123304367,0.975587703
Position_14,96,2697,103137,11.394825,28.3239975,0.972242249
Position_14,98,2316,79884.60156,9.7851,21.93830872,0.953871499
Position_14,99,781,15750.50781,3.299725,4.325483322,0.96538937
Position_14,109,2338,83263.625,9.87805,22.86627197,0.981528128
Position_14,120,2031,66794.88281,8.580975,18.34354401,0.978323699
Position_14,136,818,17537.53906,3.45605,4.81624651,0.965761511
Position_14,143,1429,39870.75781,6.037525,10.94950676,0.972770592
Position_14,156,2494,91080.42188,10.53715,25.01296043,0.978039216
Position_14,160,1996,66316.42188,8.4331,18.21214676,0.978431373
Position_14,165,1333,34574.55469,5.631925,9.495037079,0.972283005
Position_14,167,2466,78136.48438,10.41885,21.45823097,0.973933649
Position_15,26,2248,77707.4375,9.4978,21.34040451,0.96854804
Position_15,28,2392,84954.82031,10.1062,23.33071709,0.977523498
Position_15,29,1386,36145.34766,5.85585,9.926416397,0.977433004
Position_15,35,1638,48054.75,6.92055,13.19703579,0.975
Position_15,42,2511,90271.48438,10.608975,24.79080582,0.975903614
Position_15,43,2867,113896.4219,12.113075,31.27880478,0.972523745
Position_15,53,1259,30965.07617,5.319275,8.50378418,0.966973886
Position_15,57,2156,71076.5625,9.1091,19.51940155,0.980445657
Position_15,61,1687,46288.83203,7.127575,12.71207047,0.975708502
Position_15,62,1803,56222.05078,7.617675,15.43998051,0.971443966
Position_15,63,2557,96711.00781,10.803325,26.55925941,0.935259693
Position_15,72,2258,77132.5625,9.54005,21.18252945,0.976221358
Position_15,74,2875,112860.9063,12.146875,30.99442673,0.964441463
Position_15,75,2041,65597.1875,8.623225,18.01462746,0.975621415
Position_15,79,1296,31975.16211,5.4756,8.781178474,0.972972973
Position_15,92,1228,31315.44922,5.1883,8.60000515,0.976152623
Position_15,93,2416,83683.46094,10.2076,22.98156929,0.971451548
Position_15,100,1722,51804.75391,7.27545,14.22688007,0.976190476
Position_15,104,2088,70012.96094,8.8218,19.22730827,0.980742132
Position_15,108,3692,164665.4063,15.5987,45.22123718,0.973115445
Position_15,110,997,22616.76367,4.212325,6.211128712,0.970788705
Position_15,112,2669,92412.98438,11.276525,25.37891579,0.970192657
Position_15,137,1792,55502.90625,7.5712,15.24248505,0.972855592
Position_15,152,3038,119089.7578,12.83555,32.70502472,0.974342527
Position_15,162,2557,91652.97656,10.803325,25.17019844,0.96929492
Position_15,170,1001,23481.11328,4.229225,6.448500633,0.981372549
Position_15,175,2470,84354.25,10.43575,23.16578484,0.975128306
Position_16,18,1956,63214.90625,8.2641,17.36039352,0.977511244
Position_16,23,1986,63166.71875,8.39085,17.34716034,0.978807294
Position_16,24,2253,77959.79688,9.518925,21.40970802,0.96695279
Position_16,30,2038,67621.60938,8.61055,18.57058334,0.971864568
Position_16,58,1589,44968.54688,6.713525,12.3494873,0.967133293
Position_16,61,2987,119575.0938,12.620075,32.83831024,0.940491184
Position_16,79,3446,148126.9844,14.55935,40.67937088,0.947223749
Position_16,88,2105,68760.75781,8.893625,18.88342285,0.970046083
Position_16,90,2357,81132.60156,9.958325,22.28104019,0.969161184
Position_16,93,2901,105129.6875,12.256725,28.87124062,0.971859296
Position_16,97,1703,51643.20313,7.195175,14.18251419,0.968714448
Position_16,100,1182,29791.55273,4.99395,8.181505203,0.97044335
Position_16,109,2240,76720.21875,9.464,21.06929016,0.975609756
Position_16,134,1693,51542.35938,7.152925,14.15482044,0.965222349
Position_16,136,1804,55425.67188,7.6219,15.22127533,0.967292225
Position_16,161,1998,62464.57031,8.44155,17.15433311,0.970373968
Position_16,165,2770,108383.2422,11.70325,29.76474762,0.977417078
Position_16,166,876,16963.94727,3.7011,4.658723831,0.979865772
Position_16,168,2623,97361.92188,11.082175,26.73801804,0.959751189
Position_16,182,2113,71611.52344,8.927425,19.66631508,0.970156107
Position_16,184,2778,107170.3281,11.73705,29.43165016,0.978858351
Position_16,189,1486,41645.06641,6.27835,11.43677616,0.96997389
Position_17,3,571,9777.033203,2.412475,2.685017586,0.964527027
Position_17,4,640,9902.335938,2.704,2.719429016,0.965309201
Position_17,16,728,14346.96484,3.0758,3.940035105,0.975871314
Position_17,22,802,14942.00195,3.38845,4.103447437,0.97094431
Position_17,30,604,10992.01758,2.5519,3.018682718,0.978930308
Position_17,36,790,16424.93359,3.33775,4.510697365,0.971709717
Position_17,59,612,10164.69727,2.5857,2.791479826,0.966824645
Position_17,67,785,13100.22949,3.316625,3.597650528,0.965559656
Position_17,69,569,9534.664063,2.404025,2.618457079,0.967687075
Position_17,76,654,10507.69141,2.76315,2.885674715,0.960352423
Position_17,84,848,16894.68359,3.5828,4.63970232,0.972477064
Position_17,89,625,10026.28613,2.640625,2.753468752,0.970496894
Position_17,92,663,12268.94141,2.801175,3.369358063,0.970717423
Position_17,93,802,16637.875,3.38845,4.569176197,0.969770254
Position_17,106,637,10818.9502,2.691325,2.971154213,0.971036585
Position_17,108,673,12380.26953,2.843425,3.399931431,0.972543353
Position_17,111,844,16356.99805,3.5659,4.492040634,0.97235023
Position_17,113,604,10985.08789,2.5519,3.016779661,0.974193548
Position_17,117,432,6073.994629,1.8252,1.668070793,0.968609865
Position_17,120,647,11006.60352,2.733575,3.022688389,0.95287187
Position_17,122,777,14826.08203,3.282825,4.071612835,0.973684211
Position_17,130,905,18117.41406,3.823625,4.975494862,0.971030043
Position_17,155,604,9814.762695,2.5519,2.695379257,0.977346278
Position_17,157,520,8616.882813,2.197,2.366411448,0.964749536
Position_17,158,610,10241.39258,2.57725,2.812542439,0.96214511
Position_17,160,819,15381.69043,3.460275,4.224196434,0.972684086
Position_17,164,754,15199.08594,3.18565,4.174048901,0.97039897
Position_17,165,753,15043.125,3.181425,4.131217957,0.977922078
Position_17,166,588,9601.013672,2.4843,2.636678219,0.971900826
Position_17,168,893,19624.83008,3.772925,5.38946867,0.97702407
Position_17,169,293,3271.258789,1.237925,0.898369431,0.94516129
Position_17,172,669,11368.84473,2.826525,3.122169018,0.972383721
Position_17,174,682,12793.80176,2.88145,3.513497829,0.975679542
Position_17,193,801,15869.70215,3.384225,4.358216763,0.970909091
Position_17,195,791,16103.55957,3.341975,4.422440052,0.983830846
Position_17,196,790,16392,3.33775,4.501652718,0.975308642
Position_17,208,578,9671.985352,2.44205,2.656168938,0.969798658
Position_17,209,654,11899.60449,2.76315,3.267928839,0.966026588
Position_17,211,599,10478.2666,2.530775,2.877593994,0.980360065
Position_17,212,817,16711.67188,3.451825,4.58944273,0.972619048
Position_17,218,609,10632.61719,2.573025,2.919982433,0.960567823
Position_17,220,633,10985.92188,2.674425,3.017008781,0.967889908
Position_17,222,661,12410.3623,2.792725,3.408195734,0.974926254
Position_17,223,633,10393.89453,2.674425,2.854423285,0.970858896
Position_17,230,864,18405.23242,3.6504,5.054536819,0.974069899
Position_17,233,329,3841.84668,1.390025,1.055067182,0.929378531
Position_17,235,800,15154.36621,3.38,4.16176796,0.96969697
Position_17,236,591,9766.177734,2.496975,2.6820364,0.975247525
Position_18,6,742,12517.25098,3.13495,3.437550068,0.966145833
Position_18,12,616,9990.595703,2.6026,2.743667364,0.958009331
Position_18,15,773,15202.53516,3.265925,4.174996376,0.972327044
Position_18,31,433,6501.84375,1.829425,1.785568833,0.960088692
Position_18,36,675,13082.06641,2.851875,3.592662334,0.974025974
Position_18,40,801,16720.54297,3.384225,4.591878891,0.976829268
Position_18,47,560,9544.822266,2.366,2.621246815,0.973913043
Position_18,51,707,12556.82324,2.987075,3.448417425,0.968493151
Position_18,57,852,18342.97852,3.5997,5.0374403,0.969283276
Position_18,62,824,14293.32422,3.4814,3.925304174,0.977461447
Position_18,66,651,11955.9248,2.750475,3.283395767,0.965875371
Position_18,67,545,9245.652344,2.302625,2.539087296,0.96975089
Position_18,69,675,12004.72754,2.851875,3.296798229,0.967048711
Position_18,72,827,17446.10352,3.494075,4.791136265,0.968384075
Position_18,73,526,8401.207031,2.22235,2.307181358,0.965137615
Position_18,74,376,4950.780762,1.5886,1.359608173,0.966580977
Position_18,79,752,13957.07617,3.1772,3.832962036,0.972833118
Position_18,80,671,12972.82227,2.834975,3.562661171,0.973875181
Position_18,82,674,12155.08789,2.84765,3.338090897,0.973988439
Position_18,84,764,14831.12109,3.2279,4.072996616,0.972010178
Position_18,86,731,12822.70703,3.088475,3.521435976,0.963109354
Position_18,87,684,12654.20215,2.8899,3.475160122,0.974358974
Position_18,106,719,12668.01953,3.037775,3.478954792,0.976902174
Position_18,118,719,12880.99707,3.037775,3.537443876,0.970310391
Position_18,131,719,13813.94141,3.037775,3.793653488,0.970310391
Position_18,141,771,14440.92676,3.257475,3.965839386,0.966165414
Position_18,145,749,13395.83594,3.164525,3.678831339,0.971465629
Position_18,155,728,13094.93164,3.0758,3.596195459,0.968085106
Position_18,159,448,7008.36084,1.8928,1.924671054,0.959314775
Position_18,162,649,10859.2041,2.742025,2.982208967,0.973013493
Position_18,167,661,11656.4043,2.792725,3.201139927,0.972058824
Position_18,182,529,8191.808105,2.235025,2.249675274,0.972426471
Position_18,184,887,16498.07422,3.747575,4.530783653,0.973655324
Position_18,187,593,9477.349609,2.505425,2.602717161,0.978547855
Position_18,197,710,12956.31543,2.99975,3.558128119,0.9739369
Position_18,210,578,9015.838867,2.44205,2.475974798,0.963333333
Position_18,211,759,14556.53125,3.206775,3.997587442,0.970588235
Position_18,218,542,8034.78418,2.28995,2.206552505,0.973070018
Position_18,219,671,12860.83789,2.834975,3.531907558,0.97105644
Position_18,221,617,9881.100586,2.606825,2.713597298,0.9640625
Position_18,226,878,16624.19336,3.70955,4.565419197,0.972314507
Position_18,233,665,11126.91992,2.809625,3.055730343,0.96797671
Position_18,243,585,10271.84082,2.471625,2.820904255,0.97826087
Position_18,244,668,12019.39258,2.8223,3.300825596,0.969521045
Position_18,250,799,15369.00781,3.375775,4.220713615,0.968484848
Position_18,256,867,16266.88672,3.663075,4.467293739,0.977452086
Position_18,258,599,9725.02832,2.530775,2.670735836,0.977161501
Position_19,18,698,12388.48438,2.94905,3.402187586,0.966759003
Position_19,44,524,8796.742188,2.2139,2.41580534,0.972170686
Position_19,48,685,13220.77539,2.894125,3.630755424,0.971631206
Position_19,54,685,12590.76855,2.894125,3.45773983,0.971631206
Position_19,59,741,14595.80664,3.130725,4.00837326,0.971166448
Position_19,69,527,8126.858398,2.226575,2.231838465,0.96875
Position_19,73,518,7472.061035,2.18855,2.052014828,0.959259259
Position_19,74,277,3154.572754,1.170325,0.866324544,0.965156794
Position_19,78,967,20928.29102,4.085575,5.747431755,0.974798387
Position_19,82,674,12913.25684,2.84765,3.546303034,0.969784173
Position_19,100,695,13386.75293,2.936375,3.676337004,0.973389356
Position_19,109,730,13862.95215,3.08425,3.807113171,0.968169761
Position_19,111,632,10875.37207,2.6702,2.986649036,0.96194825
Position_19,155,608,10517.46191,2.5688,2.888357878,0.966613672
Position_19,156,673,12092.11914,2.843425,3.320798159,0.965566714
Position_19,162,935,15929.87891,3.950375,4.374742985,0.949238579
Position_19,164,668,12693.33301,2.8223,3.485906601,0.966714906
Position_19,167,611,9645.37207,2.581475,2.648860216,0.966772152
Position_19,173,665,11420.47363,2.809625,3.136347532,0.96797671
Position_19,174,579,9918.99707,2.446275,2.724004507,0.978040541
Position_19,175,628,10581.66895,2.6533,2.905990839,0.951515152
Position_19,177,536,8755.974609,2.2646,2.404609442,0.967509025
Position_19,179,697,13070.72266,2.944825,3.589547157,0.972105997
Position_19,182,427,6264.055664,1.804075,1.720266223,0.959550562
Position_19,184,767,13422.39355,3.240575,3.686124802,0.968434343
Position_19,186,316,4099.936523,1.3351,1.125945091,0.960486322
Position_19,187,888,17681.25586,3.7518,4.855714798,0.975824176
Position_19,190,596,9625.118164,2.5181,2.643298149,0.958199357
Position_19,192,562,9401.988281,2.37445,2.582020998,0.962328767
Position_19,208,765,13913.76074,3.232125,3.82106638,0.96835443
Position_19,210,545,8229.042969,2.302625,2.259900808,0.96975089
Position_19,218,619,11170.46387,2.615275,3.067688704,0.9671875
Position_19,223,589,10212.51465,2.488525,2.804611683,0.967159278
Position_19,230,845,16654.21094,3.570125,4.573662758,0.972382048
Position_19,240,844,16326.83301,3.5659,4.483756542,0.970114943
Position_19,241,757,14174.0459,3.198325,3.892547369,0.969270166
Position_19,264,678,12290.99805,2.86455,3.375415325,0.964438122
Position_19,265,534,8131.497559,2.25615,2.233112574,0.976234004
Position_19,272,621,10639.36426,2.623725,2.921835423,0.971830986
Position_19,273,660,11986.17676,2.7885,3.291703701,0.969162996
Position_20,3,487,7813.80957,2.057575,2.145867348,0.970119522
Position_20,5,882,16197.68164,3.72645,4.448288441,0.967105263
Position_20,12,642,10599.10645,2.71245,2.910779476,0.974203338
Position_20,14,609,10562.26855,2.573025,2.900662899,0.966666667
Position_20,16,568,9130.473633,2.3998,2.507456303,0.96108291
Position_20,17,621,11236.30176,2.623725,3.085769415,0.976415094
Position_20,22,757,14337.43555,3.198325,3.937418222,0.959442332
Position_20,24,608,9961.522461,2.5688,2.735682964,0.958990536
Position_20,28,512,8298.248047,2.1632,2.278906345,0.96969697
Position_20,30,683,12242.29688,2.885675,3.362040758,0.975714286
Position_20,38,673,12014.16016,2.843425,3.299388647,0.975362319
Position_20,41,786,14571.23145,3.32085,4.001624584,0.972772277
Position_20,43,642,9909.960938,2.71245,2.721523046,0.965413534
Position_20,49,848,16599.03906,3.5828,4.558511257,0.965831435
Position_20,55,730,14501.54688,3.08425,3.982487202,0.970744681
Position_20,58,807,17015.22656,3.409575,4.67280674,0.976997579
Position_20,63,1017,22708.05078,4.296825,6.236198425,0.978825794
Position_20,64,649,10078.28516,2.742025,2.767749071,0.973013493
Position_20,73,576,8374.394531,2.4336,2.299818039,0.96969697
Position_20,81,767,14350.22168,3.240575,3.940929651,0.973350254
Position_20,83,685,12387.76855,2.894125,3.401990891,0.971631206
Position_20,85,647,12304.18457,2.733575,3.379036665,0.970014993
Position_20,88,821,15603.52051,3.468725,4.285116673,0.967020024
Position_20,90,723,14102.39844,3.054675,3.872871161,0.969168901
Position_20,91,761,14895.10352,3.215225,4.090567589,0.971902937
Position_20,124,582,9431.137695,2.45895,2.59002614,0.968386023
Position_20,129,572,9669.946289,2.4167,2.655608892,0.9678511
Position_20,131,720,13140.32813,3.042,3.608662605,0.982264666
Position_20,139,473,7243.283203,1.998425,1.989186645,0.971252567
Position_20,140,760,13679.0459,3.211,3.756608009,0.968152866
Position_20,144,652,11572.77539,2.7547,3.178173304,0.965925926
Position_20,151,311,3783.086914,1.313975,1.038930178,0.962848297
Position_20,154,702,13927.54395,2.96595,3.824851751,0.973647712
Position_20,155,769,14673.27637,3.249025,4.029648304,0.970959596
Position_20,156,673,12519.15625,2.843425,3.438073158,0.968345324
Position_20,157,689,12127.80469,2.911025,3.330598354,0.970422535
Position_20,160,792,15598.34668,3.3462,4.283695698,0.976572133
Position_20,161,807,15353.1123,3.409575,4.216348171,0.968787515
Position_20,189,675,12475.66895,2.851875,3.426130533,0.971223022
Position_20,190,766,13310.47168,3.23635,3.655388117,0.958698373
Position_20,193,644,11752.74512,2.7209,3.227597475,0.964071856
Position_20,195,769,15481.87891,3.249025,4.251710892,0.973417722
Position_20,197,790,16252.50195,3.33775,4.463343143,0.964590965
Position_20,198,610,10367.89844,2.57725,2.847284079,0.965189873
Position_20,203,663,12078.6543,2.801175,3.317100286,0.967883212
Position_20,234,767,13824.43359,3.240575,3.796535015,0.975826972
Position_20,254,658,12558.96289,2.78005,3.449005127,0.963396779
Position_21,5,666,12527.74805,2.81385,3.440432787,0.965217391
Position_21,14,801,14995.69043,3.384225,4.118191242,0.970909091
Position_21,21,572,9719.424805,2.4167,2.669197083,0.979452055
Position_21,31,1077,24599.19922,4.550325,6.755555153,0.967654987
Position_21,34,568,9509.512695,2.3998,2.611549854,0.975945017
Position_21,38,778,14065.89746,3.28705,3.86284709,0.976160602
Position_21,39,565,9815.167969,2.387125,2.69549036,0.977508651
Position_21,42,754,15110.54297,3.18565,4.14973259,0.971649485
Position_21,47,822,16339.37109,3.47295,4.487199783,0.96819788
Position_21,50,871,17867.65234,3.679975,4.906903744,0.972098214
Position_21,53,598,9154.628906,2.52655,2.514089823,0.975530179
Position_21,57,790,15925.54883,3.33775,4.373553753,0.968137255
Position_21,62,599,10069.87305,2.530775,2.765438795,0.969255663
Position_21,70,772,15203.27734,3.2617,4.175199986,0.974747475
Position_21,76,615,9897.052734,2.598375,2.717978001,0.970031546
Position_21,106,640,10955.31445,2.704,3.008603096,0.975609756
Position_21,113,697,12667.47266,2.944825,3.478804588,0.977559607
Position_21,114,750,14898.875,3.16875,4.091603279,0.975292588
Position_21,121,888,17353.60547,3.7518,4.765733719,0.965217391
Position_21,127,755,15362.25,3.189875,4.218857765,0.965473146
Position_21,151,854,17657.26172,3.60815,4.849125385,0.958473625
Position_21,154,704,12859.14844,2.9744,3.531443596,0.971034483
Position_21,157,539,8215.264648,2.277275,2.256117105,0.96942446
Position_21,168,781,15829.12109,3.299725,4.347072124,0.96538937
Position_21,174,768,14546.66406,3.2448,3.994877577,0.96969697
Position_21,183,551,8941.973633,2.327975,2.45568943,0.96497373
Position_21,185,845,17704.80273,3.570125,4.862181187,0.972382048
Position_21,191,537,8606.546875,2.268825,2.363572836,0.967567568
Position_21,198,599,10396.37402,2.530775,2.855104208,0.977161501
Position_21,204,637,11510.53711,2.691325,3.161081314,0.978494624
Position_21,206,747,14546.79297,3.156075,3.994912863,0.963870968
Position_21,209,768,14862.09473,3.2448,4.081502914,0.974619289
Position_21,216,843,16358.33008,3.561675,4.492406368,0.970080552
Position_21,217,717,14138.92188,3.029325,3.88290143,0.972862958
Position_21,219,741,14305.55273,3.130725,3.9286623,0.977572559
Position_21,224,631,10308.64063,2.665975,2.831010342,0.966309342
Position_21,230,618,9421.967773,2.61105,2.587507963,0.962616822
Position_21,232,541,8670.010742,2.285725,2.381001711,0.967799642
Position_21,236,642,11212.36035,2.71245,3.079194307,0.978658537
Position_21,239,434,6434.884766,1.83365,1.767180204,0.970917226
Position_21,244,756,14548.06836,3.1941,3.9952631,0.978007762
Position_21,246,550,8357.537109,2.32375,2.295188665,0.970017637
Position_21,257,863,17834.06641,3.646175,4.897680283,0.976244344
Position_21,268,1421,39298.83594,6.003725,10.79244232,0.9779766
Position_21,272,666,11909.29199,2.81385,3.270589352,0.966618287
Position_21,279,764,13917.53613,3.2279,3.822103262,0.970775095
Position_21,281,777,15014.12012,3.282825,4.123252869,0.972465582
Position_21,285,525,8461.501953,2.218125,2.323740005,0.972222222
Position_22,6,853,16659.27734,3.603925,4.575054169,0.970420933
Position_22,27,927,20006.05078,3.916575,5.494161606,0.975789474
Position_22,30,711,11992.98535,3.003975,3.293573618,0.960810811
Position_22,34,855,17778.68164,3.612375,4.882470131,0.974914481
Position_22,40,629,10764.09668,2.657525,2.956089973,0.966205837
Position_22,52,812,15887.37695,3.4307,4.363070965,0.968973747
Position_22,87,803,14241.24902,3.392675,3.911002874,0.965144231
Position_22,99,619,10609.99219,2.615275,2.913769007,0.97943038
Position_22,128,642,11091.95508,2.71245,3.046128035,0.974203338
Position_22,136,741,14512.8623,3.130725,3.985594749,0.973718791
Position_22,138,641,10774.70117,2.708225,2.959002256,0.962462462
Position_22,143,661,11281.87305,2.792725,3.098284245,0.964963504
Position_22,145,815,15674.22559,3.443375,4.304533958,0.970238095
Position_22,146,705,13124.62305,2.978625,3.604349613,0.976454294
Position_22,150,780,15363.3457,3.2955,4.219158649,0.976220275
Position_22,166,880,18347.36719,3.718,5.038645744,0.96809681
Position_22,173,770,15427.63867,3.25325,4.236814976,0.974683544
Position_22,176,600,10578.96094,2.535,2.905247211,0.958466454
Position_22,200,562,9144.476563,2.37445,2.511301756,0.970639033
Position_22,206,726,13866.35645,3.06735,3.80804801,0.974496644
Position_22,208,740,14305.01953,3.1265,3.928515911,0.969855832
Position_22,209,743,12828.92969,3.139175,3.523144722,0.962435233
Position_22,212,520,8366.285156,2.197,2.297590971,0.971962617
Position_22,214,627,11380.20508,2.649075,3.125288725,0.963133641
Position_22,215,585,9975.729492,2.471625,2.739584684,0.963756178
Position_22,226,703,13014.11328,2.970175,3.574000835,0.979108635
Position_22,232,612,10917.42578,2.5857,2.998198032,0.953271028
Position_22,249,760,14052.58398,3.211,3.859190702,0.970625798
Position_22,256,722,13968.61133,3.05045,3.836129904,0.960106383
Position_23,6,689,12398.18555,2.911025,3.404851675,0.964985994
Position_23,9,576,9927.59375,2.4336,2.726365328,0.971332209
Position_23,14,622,10753.97266,2.62795,2.953309774,0.968847352
Position_23,21,804,15931.54102,3.3969,4.375199318,0.97691373
Position_23,24,844,14428.49609,3.5659,3.962425709,0.970114943
Position_23,42,689,12922.64063,2.911025,3.5488801,0.970422535
Position_23,44,784,15539.34961,3.3124,4.267493725,0.97149938
Position_23,60,775,13670.91992,3.274375,3.754376411,0.969962453
Position_23,68,1147,28116.73047,4.846075,7.72155714,0.969568893
Position_23,83,560,9593.709961,2.366,2.634672642,0.95890411
Position_23,90,828,17065.29883,3.4983,4.68655777,0.970691676
Position_23,94,952,19557.70898,4.0222,5.371035576,0.967479675
Position_23,96,409,6154.552734,1.728025,1.690194011,0.957845433
Position_23,98,887,17392.42969,3.747575,4.776395798,0.97579758
Position_23,99,963,21273.46484,4.068675,5.842225075,0.971745711
Position_23,101,622,10235.31055,2.62795,2.810872078,0.971875
Position_23,105,811,15788.63477,3.426475,4.335953712,0.96547619
Position_23,107,671,12427.62305,2.834975,3.412935972,0.979562044
Position_23,113,656,11504.49316,2.7716,3.159421444,0.973293769
Position_23,117,635,11067.77734,2.682875,3.039488316,0.97392638
Position_23,118,804,16968.67969,3.3969,4.660023689,0.97810219
Position_23,119,693,12146.42578,2.927925,3.335712194,0.967877095
Position_23,128,758,14034.79492,3.20255,3.854305506,0.971794872
Position_23,130,629,11370.62695,2.657525,3.122658491,0.967692308
Position_23,138,803,15790.77832,3.392675,4.336542606,0.969806763
Position_23,145,691,11477.02539,2.919475,3.151878119,0.97461213
Position_23,147,756,14840.27734,3.1941,4.075510979,0.970474968
Position_23,150,623,11353.95215,2.632175,3.118078947,0.964396285
Position_23,155,817,17104.06445,3.451825,4.697203636,0.977272727
Position_23,157,841,14463.67969,3.553225,3.97208786,0.97337963
Position_23,191,526,7353.529297,2.22235,2.019463062,0.963369963
Position_23,197,725,13425.11426,3.063125,3.686872005,0.97577389
Position_23,198,547,8927.40625,2.311075,2.451689005,0.968141593
Position_23,203,699,13645.67383,2.953275,3.747443199,0.970833333
Position_23,220,672,12265.45898,2.8392,3.368401527,0.972503618
Position_23,232,560,8657.708984,2.366,2.37762332,0.95890411
Position_23,233,503,8261.166016,2.125175,2.268722773,0.965451056
Position_23,235,900,17071.18555,3.8025,4.688174248,0.976138829
Position_23,242,749,14675,3.164525,4.030121803,0.970207254
Position_23,245,635,11049.56445,2.682875,3.034486532,0.965045593
Position_23,246,534,8761.724609,2.25615,2.406188488,0.963898917
Position_23,249,603,10693.38086,2.547675,2.936669588,0.95562599
Position_23,251,565,9516.577148,2.387125,2.613489866,0.964163823
Position_23,257,699,13099.75781,2.953275,3.597520828,0.973537604
Position_23,261,618,11354.28711,2.61105,3.118170977,0.971698113
Position_23,269,790,16327.91797,3.33775,4.484054565,0.968137255
Position_23,278,530,9010.842773,2.23925,2.474602699,0.970695971
Position_23,280,585,10008.4834,2.471625,2.748579741,0.979899497
Position_23,281,538,7891.210449,2.27305,2.167123556,0.964157706
Position_23,283,636,10366.27344,2.6871,2.846837759,0.970992366
Position_23,284,735,13919.91113,3.105375,3.822755575,0.969656992
Position_23,285,707,11984.38574,2.987075,3.291211843,0.968493151
Position_23,287,592,9684.306641,2.5012,2.659552574,0.975288303
Position_23,292,816,15553.83203,3.4476,4.271471024,0.977245509
Position_23,295,858,16850.92578,3.62505,4.627685547,0.975
Position_23,300,552,9353.174805,2.3322,2.568615675,0.968421053
Position_23,308,693,13137.50586,2.927925,3.607887506,0.963838665
Position_23,316,779,15226.88574,3.291275,4.18168354,0.97011208
Position_23,322,576,9350.407227,2.4336,2.567855597,0.963210702
Position_23,325,797,15269.40332,3.367325,4.193359852,0.959085439
Position_23,327,634,10153.28125,2.67865,2.78834486,0.970903522
Position_24,8,523,8732.818359,2.209675,2.398250103,0.968518519
Position_24,18,597,10437.48535,2.522325,2.866394281,0.975490196
Position_24,19,742,14739.54199,3.13495,4.047846794,0.971204188
Position_24,23,734,14359.04883,3.10115,3.943353653,0.970899471
Position_24,24,554,9639.380859,2.34065,2.64721489,0.973637961
Position_24,25,715,13166.93945,3.020875,3.615970612,0.974114441
Position_24,26,786,15823.71973,3.32085,4.345589161,0.975186104
Position_24,30,577,10029.4502,2.437825,2.754337788,0.971380471
Position_24,32,816,17211.41797,3.4476,4.726685524,0.972586412
Position_24,66,587,9944.115234,2.480075,2.730902672,0.962295082
Position_24,80,610,10680.95898,2.57725,2.933258295,0.969793323
Position_24,126,635,11580.01563,2.682875,3.180161715,0.965045593
Position_24,129,580,9900.955078,2.4505,2.719049692,0.973154362
Position_24,134,649,11702.28809,2.742025,3.213740826,0.971556886
Position_24,140,577,9578.027344,2.437825,2.63036561,0.958471761
Position_24,144,893,15437.47363,3.772925,4.239516258,0.969598263
Position_24,150,768,15046.19531,3.2448,4.132061481,0.972151899
Position_24,158,729,14338.8623,3.080025,3.937809944,0.975903614
Position_24,177,503,8369.652344,2.125175,2.298515797,0.978599222
Position_24,211,349,4588.048828,1.474525,1.259992838,0.964088398
Position_24,218,620,9980.112305,2.6195,2.740788221,0.96723869
Position_24,222,624,11189.88184,2.6364,3.073021173,0.964451314
Position_24,223,657,11592.2666,2.775825,3.183526278,0.971893491
Position_24,228,595,10734.32227,2.513875,2.94791317,0.967479675
Position_24,230,758,15122.89844,3.20255,4.153125763,0.970550576
Position_24,231,746,14249.375,3.15185,3.913234472,0.9726206
Position_24,233,796,15492.06641,3.3631,4.254508495,0.967193196
Position_24,242,752,13240.26172,3.1772,3.63610673,0.969072165
Position_24,245,649,10965.16406,2.742025,3.011308193,0.973013493
Position_24,246,639,10488.39063,2.699775,2.880374193,0.97112462
Position_24,247,766,14200.80859,3.23635,3.899897099,0.968394437
Position_24,250,828,16405.6543,3.4983,4.505402565,0.976415094
Position_24,251,820,15488.20898,3.4645,4.25344944,0.973871734
Position_24,255,720,13648.16895,3.042,3.748128414,0.971659919
Position_24,276,823,16108.50195,3.477175,4.423797131,0.975118483
Position_24,282,910,17636.72266,3.84475,4.843484879,0.973262032
Position_24,289,809,15280.12305,3.418025,4.196303844,0.974698795
Position_25,2,578,8797.154297,2.44205,2.41591835,0.891975309
Position_25,29,645,9395.270508,2.725125,2.580176115,0.890883978
Position_25,33,415,5622.876953,1.753375,1.544182539,0.910087719
Position_25,39,645,9190.829102,2.725125,2.524031401,0.916193182
Position_25,47,589,8702.558594,2.488525,2.389940023,0.820334262
Position_25,49,642,8807.012695,2.71245,2.418625832,0.781973203
Position_25,52,628,10053.20508,2.6533,2.760861397,0.948640483
Position_25,53,568,8211.232422,2.3998,2.255009651,0.845238095
Position_25,54,299,3586.500244,1.263275,0.984942615,0.889880952
Position_25,74,351,4310.381348,1.482975,1.18373847,0.926121372
Position_25,80,504,7945.817871,2.1294,2.182120085,0.956356736
Position_25,90,573,6142.842285,2.420925,1.686977983,0.823275862
Position_25,95,527,6356.263672,2.226575,1.745588899,0.8432
Position_25,111,497,7761.691406,2.099825,2.131554365,0.946666667
Position_25,117,562,9562.364258,2.37445,2.626064301,0.962328767
Position_25,124,640,10068.10449,2.704,2.764953136,0.831168831
Position_26,13,243,2575.867188,1.026675,0.707397521,0.931034483
Position_26,23,549,7859.510742,2.319525,2.158418179,0.792207792
Position_26,34,704,10407.40625,2.9744,2.858133793,0.932450331
Position_26,44,238,1839.387085,1.00555,0.505141675,0.795986622
Position_26,47,668,8002.219727,2.8223,2.197609663,0.840251572
Position_26,50,397,5395.018066,1.677325,1.481606841,0.945238095
Position_26,53,1102,20427.2793,4.65595,5.609841347,0.873909596
Position_27,30,285,3209.797852,1.204125,0.881490707,0.882352941
Position_27,72,289,3071.300049,1.221025,0.843455791,0.932258065
Position_27,81,1059,16790.76563,4.474275,4.611164093,0.863080685
Position_27,84,713,11636.19531,3.012425,3.195590019,0.958333333
Position_27,95,409,5392.101074,1.728025,1.480805755,0.948955916
Position_28,26,1006,16723.39453,4.25035,4.592662334,0.611178615
Position_28,27,674,10837.25195,2.84765,2.976180315,0.848866499
Position_28,36,650,9067.376953,2.74625,2.490128279,0.858652576
Position_28,39,352,4287.59375,1.4872,1.177480459,0.923884514
Position_28,57,682,10804.53613,2.88145,2.967195749,0.956521739
Position_28,60,494,7616.619141,2.08715,2.091713905,0.968627451
Position_28,77,421,6357.445313,1.778725,1.745913386,0.923245614
Position_28,82,706,10765.26758,2.98285,2.9564116,0.829612221
Position_28,83,494,7623.800781,2.08715,2.093686342,0.966731898
Position_28,84,408,5999.613281,1.7238,1.647643805,0.964539007
Position_28,102,850,16229.27637,3.59125,4.45696497,0.891920252
Position_28,105,583,7497.662598,2.463175,2.059045553,0.899691358
Position_28,117,503,7343.735352,2.125175,2.016773224,0.929759704
Position_28,118,805,12474.1582,3.401125,3.425715685,0.849156118
Position_28,136,635,9840.416992,2.682875,2.702424526,0.852348993
Position_29,6,718,10568.51465,3.03355,2.902378321,0.915816327
Position_29,10,304,3239.28833,1.2844,0.889589548,0.853932584
Position_29,11,742,9367.640625,3.13495,2.572588205,0.765737874
Position_29,14,396,4296.958984,1.6731,1.1800524,0.916666667
Position_29,18,707,10676.75781,2.987075,2.932104588,0.946452477
Position_29,24,1068,20590.6875,4.5123,5.654717445,0.895222129
Position_29,26,283,3506.561768,1.195675,0.962989509,0.943333333
Position_29,28,259,2272.339844,1.094275,0.624041319,0.941818182
Position_29,54,300,3610.635742,1.2675,0.99157083,0.923076923
Position_29,56,205,2121.079346,0.866125,0.582501411,0.953488372
Position_29,58,625,8376.856445,2.640625,2.300494194,0.814863103
Position_29,61,591,7898.638672,2.496975,2.169163704,0.834745763
Position_29,63,281,3215.483154,1.187225,0.883052051,0.889240506
Position_29,64,256,2959.793945,1.0816,0.812833428,0.937728938
Position_29,78,394,5152.389648,1.66465,1.414974928,0.929245283
Position_29,88,387,4943.558105,1.635075,1.35762465,0.948529412
Position_29,96,408,4613.861816,1.7238,1.267081738,0.912751678
Position_29,97,241,2426.130615,1.018225,0.666276097,0.945098039
Position_29,98,382,5139.191406,1.61395,1.411350369,0.976982097
Position_29,108,412,5144.39209,1.7407,1.412778616,0.869198312
Position_30,6,612,9995.073242,2.5857,2.744896889,0.963779528
Position_30,49,693,11946.94238,2.927925,3.280929089,0.931451613
Position_30,54,193,1966.403687,0.815425,0.540023625,0.901869159
Position_30,58,418,4951.453125,1.76605,1.359792829,0.728222997
Position_30,71,816,16143.46875,3.4476,4.433400154,0.85
Position_30,76,231,2468.966797,0.975975,0.678039968,0.958506224
Position_30,90,517,6883.549805,2.184325,1.890394807,0.788109756
Position_30,105,566,9183.049805,2.39135,2.521894932,0.93553719
Position_30,107,708,10183.70605,2.9913,2.796700239,0.761290323
Position_30,109,299,3022.32666,1.263275,0.830006421,0.892537313
Position_30,110,498,7127.097656,2.10405,1.957279205,0.784251969
Position_30,123,618,10250.42578,2.61105,2.815023184,0.939209726
Position_30,129,816,13986.33496,3.4476,3.840997219,0.915824916
Position_31,14,491,7972.239258,2.074475,2.189376116,0.964636542
Position_31,16,1045,23979.12695,4.415125,6.585267544,0.911072363
Position_31,20,744,12067.53906,3.1434,3.314047813,0.945362135
Position_31,42,206,1765.268921,0.87035,0.484786958,0.944954128
Position_31,49,368,4588.428711,1.5548,1.260097265,0.93164557
Position_31,53,493,7182.402344,2.082925,1.972467184,0.928436911
Position_31,60,665,9484.763672,2.809625,2.604753256,0.897435897
Position_31,64,691,10463.33594,2.919475,2.873493671,0.841656516
Position_31,69,324,3944.827393,1.3689,1.083348155,0.952941176
Position_31,77,325,4124.722656,1.373125,1.132751942,0.942028986
Position_31,79,756,13494.61719,3.1941,3.705959082,0.901072706
Position_31,95,627,8761.685547,2.649075,2.406177759,0.895714286
Position_31,105,233,2559.124023,0.984425,0.702799439,0.928286853
Position_32,5,561,7477.630859,2.370225,2.053544283,0.918166939
Position_32,26,664,9335.480469,2.8054,2.563756227,0.805825243
Position_32,32,241,2348.870117,1.018225,0.645058453,0.926923077
Position_32,43,372,4443.228516,1.5717,1.220221639,0.889952153
Position_32,44,1000,15611.99219,4.225,4.287443161,0.678886626
Position_32,45,785,13948.51563,3.316625,3.830610991,0.880044843
Position_32,46,369,3521.175537,1.559025,0.967002809,0.82735426
Position_32,51,517,6144.957031,2.184325,1.68755877,0.820634921
Position_32,53,447,6185.79834,1.888575,1.698774815,0.912244898
Position_32,76,674,9131.454102,2.84765,2.507725477,0.891534392
Position_32,90,337,4413.554688,1.423825,1.212072492,0.923287671
Position_32,93,246,2052.18457,1.03935,0.563581169,0.833898305
Position_32,97,257,2821.348633,1.085825,0.774812877,0.951851852
Position_32,108,248,2505.38916,1.0478,0.688042462,0.928838951
Position_33,10,531,8040.250488,2.243475,2.208053827,0.956756757
Position_33,23,1150,28825.88281,4.85875,7.916307926,0.9762309
Position_33,28,542,9041.399414,2.28995,2.482994318,0.967857143
Position_33,40,591,9432.201172,2.496975,2.590318203,0.957860616
Position_33,42,859,17430.13086,3.629275,4.78674984,0.964085297
Position_33,46,896,18790.18359,3.7856,5.160254002,0.978165939
Position_33,47,421,5831.474121,1.778725,1.601468563,0.9503386
Position_33,52,727,13684.75,3.071575,3.758174419,0.975838926
Position_33,75,518,8307.035156,2.18855,2.28131938,0.96461825
Position_33,81,773,15164.42969,3.265925,4.164531231,0.977243995
Position_33,82,616,11010.91797,2.6026,3.023873329,0.967032967
Position_33,90,538,9034.407227,2.27305,2.481074095,0.969369369
Position_33,92,445,6624.256348,1.880125,1.81918633,0.965292842
Position_33,111,652,10591.53711,2.7547,2.908700943,0.936781609
Position_33,112,667,12282.04785,2.818075,3.37295723,0.969476744
Position_33,118,716,13357.30566,3.0251,3.668250084,0.959785523
Position_33,155,570,8143.884277,2.40825,2.236514091,0.93442623
Position_33,156,550,7750.265137,2.32375,2.128416538,0.964912281
Position_33,162,762,13416.77051,3.21945,3.684580564,0.967005076
Position_33,163,610,10657.40332,2.57725,2.926789284,0.97133758
Position_33,170,653,11595.75586,2.758925,3.184484482,0.967407407
Position_33,183,484,6854.408691,2.0449,1.88239193,0.958415842
Position_34,16,665,12012.77637,2.809625,3.299008608,0.972222222
Position_34,43,448,6826.681641,1.8928,1.874777436,0.971800434
Position_34,44,806,15050.64063,3.40535,4.133282185,0.974607013
Position_34,49,821,16542.92969,3.468725,4.543101788,0.957992999
Position_34,51,728,13625.33008,3.0758,3.741856098,0.971962617
Position_34,56,964,20647.03906,4.0729,5.670193195,0.964
Position_34,64,490,7492.010742,2.07025,2.057493448,0.97029703
Position_34,70,628,10158.72656,2.6533,2.789840221,0.970633694
Position_34,73,584,10284.61719,2.4674,2.824413061,0.958949097
Position_34,109,424,6127.657227,1.7914,1.682807803,0.974712644
Position_34,120,670,10875.22656,2.83075,2.986608982,0.975254731
Position_34,130,378,5062.157715,1.59705,1.390195012,0.966751918
Position_34,134,624,10247.73438,2.6364,2.814284086,0.962962963
Position_34,135,685,11285.60449,2.894125,3.099308968,0.959383754
Position_34,150,500,7725.452637,2.1125,2.121602297,0.968992248
Position_34,154,682,11671.06445,2.88145,3.205166101,0.96875
Position_34,157,631,11002.16211,2.665975,3.021468639,0.972265023
Position_34,164,454,6499.286133,1.91815,1.784866452,0.963906582
Position_34,182,665,11896.81738,2.809625,3.267163515,0.966569767
Position_34,190,736,12164.58887,3.1096,3.34070015,0.960835509
Position_35,14,433,6329.385254,1.829425,1.73820734,0.876518219
Position_35,29,385,5495.625488,1.626625,1.509236097,0.967336683
Position_35,54,652,12174.12305,2.7547,3.343318462,0.971684054
Position_35,65,506,8098.017578,2.13785,2.223917961,0.910071942
Position_35,77,529,8503.202148,2.235025,2.335191965,0.948028674
Position_35,128,657,10988.56543,2.775825,3.017734766,0.963343109
Position_35,134,649,11124.97656,2.742025,3.055196524,0.964338782
Position_35,156,788,15778.78516,3.3293,4.333248615,0.972839506
Position_35,163,487,6838.199219,2.057575,1.877940416,0.974
Position_36,16,748,14019.51563,3.1603,3.850109339,0.975228162
Position_36,18,387,5516.310547,1.635075,1.514916778,0.95320197
Position_36,20,693,13311.10352,2.927925,3.655561686,0.970588235
Position_36,25,388,5055.087891,1.6393,1.38825345,0.96039604
Position_36,31,647,11693.1123,2.733575,3.21122098,0.97439759
Position_36,32,575,8368.410156,2.429375,2.29817462,0.956738769
Position_36,65,526,7979.839844,2.22235,2.19146347,0.965137615
Position_36,79,622,9580.472656,2.62795,2.631037235,0.971875
Position_36,92,618,10146.62695,2.61105,2.786517382,0.959627329
Position_36,95,572,10008.34375,2.4167,2.748541355,0.959731544
Position_36,96,344,3905.666992,1.4534,1.072593808,0.945054945
Position_36,98,381,5166.073242,1.609725,1.418732882,0.9525
Position_36,107,543,7926.385742,2.294175,2.176783562,0.937823834
Position_36,113,642,9366.580078,2.71245,2.572297096,0.959641256
Position_36,120,818,16883.77539,3.45605,4.636706829,0.970344009
Position_36,125,547,8985.889648,2.311075,2.467749834,0.971580817
Position_36,128,524,8205.737305,2.2139,2.253500462,0.966789668
Position_36,146,885,16114.07031,3.739125,4.425326347,0.974669604
Position_36,151,809,14744.43359,3.418025,4.049190044,0.966547192
Position_36,166,475,6980.987305,2.006875,1.917153597,0.975359343
Position_36,167,512,8158.554199,2.1632,2.240542889,0.960600375
Position_36,174,736,14459.39844,3.1096,3.970912218,0.976127321
Position_36,177,764,14502.68555,3.2279,3.982800007,0.962216625
Position_36,179,500,7619.338379,2.1125,2.092460871,0.965250965
Position_36,184,776,14548.62207,3.2786,3.995415211,0.971214018
Position_36,191,489,7684.674316,2.066025,2.110403538,0.974103586
Position_36,193,434,6377.008301,1.83365,1.751285911,0.958057395
Position_36,200,422,5735.202148,1.78295,1.57502985,0.970114943
Position_37,8,430,6347.208496,1.81675,1.743102074,0.964125561
Position_37,19,406,5684.568359,1.71535,1.561124563,0.959810875
Position_37,25,494,6942.618164,2.08715,1.906616449,0.942748092
Position_37,33,692,11296.91699,2.9237,3.1024158,0.936400541
Position_37,35,479,7471.135254,2.023775,2.051760435,0.952286282
Position_37,36,433,6165.848633,1.829425,1.693296194,0.931182796
Position_37,43,289,3241.70459,1.221025,0.890253127,0.938311688
Position_37,54,606,9585.427734,2.56035,2.632398129,0.978998384
Position_37,65,403,5557.088867,1.702675,1.526115537,0.966426859
Position_37,76,519,8542.332031,2.192775,2.345937967,0.959334566
Position_37,79,498,7787.11377,2.10405,2.138535976,0.963249516
Position_37,90,490,7561.789063,2.07025,2.076656342,0.968379447
Position_37,91,374,5401.324219,1.58015,1.483338594,0.961439589
Position_37,97,405,5742.444336,1.711125,1.577018738,0.961995249
Position_37,101,809,16948.08398,3.418025,4.654367447,0.971188475
Position_37,104,521,6981.709961,2.201225,1.91735208,0.961254613
Position_37,107,540,9278.463867,2.2815,2.548098087,0.967741935
Position_37,112,632,10064.30664,2.6702,2.763910055,0.960486322
Position_37,114,473,7216.183105,1.998425,1.981744289,0.947895792
Position_37,120,752,14774,3.1772,4.057309628,0.962868118
Position_37,125,742,12889.49609,3.13495,3.539777756,0.967405476
Position_37,126,416,5872.909668,1.7576,1.612847805,0.962962963
Position_37,131,470,6968.243164,1.98575,1.913653731,0.955284553
Position_37,148,681,12478.16602,2.877225,3.426816225,0.964589235
Position_37,152,469,7065.996094,1.981525,1.940499187,0.965020576
Position_37,157,670,11705.95508,2.83075,3.214747906,0.971014493
Position_37,176,405,5073.303711,1.711125,1.393256068,0.961995249
Position_37,178,881,19326.54297,3.722225,5.307551861,0.96919692
Position_37,188,814,16507.83789,3.43915,4.533464909,0.967895363
Position_37,189,689,11297.86914,2.911025,3.102677345,0.956944444
Position_38,16,856,16376.5791,3.6166,4.497417927,0.965050733
Position_38,19,344,4165.886719,1.4534,1.144056678,0.969014085
Position_38,25,828,16095.11328,3.4983,4.420120239,0.969555035
Position_38,28,404,5704.566406,1.7069,1.566616535,0.952830189
Position_38,32,434,6181.812988,1.83365,1.697680354,0.947598253
Position_38,35,599,10062.68262,2.530775,2.763464212,0.969255663
Position_38,44,644,10061.53906,2.7209,2.763150215,0.948453608
Position_38,60,852,17714.59375,3.5997,4.864870071,0.968181818
Position_38,62,383,4754.282227,1.618175,1.305644751,0.945679012
Position_38,73,510,7920.049805,2.15475,2.175043583,0.94972067
Position_38,89,628,11302.85156,2.6533,3.10404563,0.93452381
Position_38,106,849,16871.93359,3.587025,4.6334548,0.975862069
Position_38,129,852,17168.06055,3.5997,4.714778423,0.971493729
Position_38,152,515,7910.453613,2.175875,2.172408342,0.964419476
Position_38,156,573,8118.151367,2.420925,2.229447365,0.85141159
Position_38,159,619,11106.92676,2.615275,3.050239801,0.971742543
Position_38,164,520,8618.169922,2.197,2.366764784,0.966542751
Position_38,171,544,9076.109375,2.2984,2.492526531,0.96797153
Position_38,183,507,7721.097168,2.142075,2.120406389,0.971264368
Position_38,192,736,13361.64844,3.1096,3.669442654,0.972258917
Position_38,193,417,5952.877441,1.761825,1.634808898,0.924611973
Position_38,196,475,6851.335449,2.006875,1.881547928,0.961538462
Position_38,208,460,6240.041992,1.9435,1.713671446,0.952380952
Position_38,209,416,6011.920898,1.7576,1.651023746,0.96744186
Position_39,3,378,5296.166992,1.59705,1.454459786,0.961832061
Position_39,27,534,8627.425781,2.25615,2.369306803,0.960431655
Position_39,35,396,5779.240723,1.6731,1.58712399,0.970588235
Position_39,36,422,5367.956055,1.78295,1.474174857,0.927472527
Position_39,41,585,9964.977539,2.471625,2.73663187,0.960591133
Position_39,42,848,16842.66992,3.5828,4.625418186,0.973593571
Position_39,45,534,8829.713867,2.25615,2.424860239,0.967391304
Position_39,47,586,10124.27832,2.47585,2.780379772,0.954397394
Position_39,58,450,6956.608887,1.90125,1.910458684,0.953389831
Position_39,60,469,7475.137207,1.981525,2.052859545,0.959100204
Position_39,87,762,12758.03418,3.21945,3.503674984,0.950124688
Position_39,104,731,14400.85645,3.088475,3.954835176,0.960578187
Position_39,113,422,6155.585449,1.78295,1.69047761,0.97235023
Position_39,115,671,11827.80566,2.834975,3.248211145,0.953125
Position_39,123,640,9999.041992,2.704,2.745986938,0.95952024
Position_39,125,596,10177.98438,2.5181,2.795128822,0.961290323
Position_39,137,505,7575.915527,2.133625,2.08053565,0.963740458
Position_39,145,659,11574.70996,2.784275,3.178704739,0.963450292
Position_39,146,440,6689.667969,1.859,1.837149978,0.938166311
Position_39,161,361,4816.398926,1.525225,1.322703481,0.955026455
Position_39,162,599,9828.395508,2.530775,2.699123144,0.97082658
Position_39,172,680,12323.40039,2.873,3.384313822,0.971428571
Position_39,185,384,4775.690918,1.6224,1.311524153,0.932038835
Position_39,192,638,10560.39941,2.69555,2.900149584,0.957957958
Position_39,193,715,13821.46191,3.020875,3.795718908,0.970149254
Position_39,197,719,13285.4541,3.037775,3.648517847,0.971621622
Position_39,204,464,7098.708008,1.9604,1.949482679,0.970711297
Position_39,208,515,7273.42334,2.175875,1.997463822,0.932971014
Position_39,210,869,18034.34766,3.671525,4.952682495,0.974215247
Position_39,212,556,8355.577148,2.3491,2.294650316,0.963604853
Position_39,214,530,7724.966309,2.23925,2.121468782,0.954954955
Position_39,215,555,9090.908203,2.344875,2.496590614,0.95524957
Position_39,223,471,7075.700195,1.989975,1.94316411,0.957317073
Position_39,237,681,11740.15234,2.877225,3.224139214,0.964589235
Position_39,238,872,17644.54883,3.6842,4.845633984,0.965669989
Position_39,254,922,19442.05859,3.89545,5.33927536,0.965445026
Position_39,268,736,14390.58887,3.1096,3.9520154,0.974834437
Position_39,274,848,17313.33203,3.5828,4.754673958,0.972477064
Position_40,11,505,8426.582031,2.133625,2.314150095,0.965583174
Position_40,15,608,10717.2168,2.5688,2.943215609,0.958990536
Position_40,19,496,6996.73584,2.0956,1.92147851,0.963106796
Position_40,50,603,9418.09375,2.547675,2.586443901,0.957142857
Position_40,56,617,10088.93555,2.606825,2.77067399,0.97318612
Position_40,60,551,8465.021484,2.327975,2.324706554,0.96497373
Position_40,71,520,8218.886719,2.197,2.257111788,0.973782772
Position_40,81,572,9931.708008,2.4167,2.727495193,0.966216216
Position_40,94,327,4217.399414,1.381575,1.158203244,0.956140351
Position_40,97,836,17093.69531,3.5321,4.694355965,0.97322468
Position_40,101,456,6795.612793,1.9266,1.866245151,0.955974843
Position_40,112,435,6254.658691,1.837875,1.71768558,0.925531915
Position_40,115,673,12630.78223,2.843425,3.468728542,0.969740634
Position_40,116,768,13789.77539,3.2448,3.787017107,0.96
Position_40,123,473,7337.75,1.998425,2.015129566,0.959432049
Position_40,125,638,11556.00195,2.69555,3.173567057,0.969604863
Position_40,131,647,11413.2666,2.733575,3.134368181,0.965671642
Position_40,132,658,11767.2207,2.78005,3.231572866,0.973372781
Position_40,152,590,10017.60059,2.49275,2.751083612,0.976821192
Position_40,153,604,10270.08789,2.5519,2.820422888,0.972624799
Position_40,154,568,9690.740234,2.3998,2.661319494,0.959459459
Position_40,163,424,6406.068359,1.7914,1.759266496,0.961451247
Position_40,169,658,11490.8877,2.78005,3.155684948,0.973372781
Position_40,172,779,15574.12305,3.291275,4.277043343,0.967701863
Position_40,179,528,7705.308594,2.2308,2.116070271,0.96350365
Position_40,202,644,11651.52637,2.7209,3.199800491,0.966966967
Position_40,212,697,13221.08984,2.944825,3.630841732,0.964038728
Position_40,241,572,9775.902344,2.4167,2.684707165,0.956521739
Position_40,251,654,10465.96777,2.76315,2.874216318,0.966026588
Position_40,273,783,15899.7666,3.308175,4.366473198,0.9750934
Position_40,277,683,11573.78809,2.885675,3.178451538,0.960618847
Position_40,292,694,11233.0918,2.93215,3.084887743,0.944217687
Position_40,293,768,12025.48242,3.2448,3.302498102,0.966037736
Position_40,294,453,5741.900391,1.913925,1.576869369,0.947698745
Position_40,302,654,11367.96289,2.76315,3.121926785,0.966026588
Position_40,316,579,9602.780273,2.446275,2.637163401,0.960199005
Position_40,321,629,10353.12695,2.657525,2.843227386,0.958841463
Position_40,328,403,4835.355469,1.702675,1.32790947,0.935034803
Position_40,329,578,9435.016602,2.44205,2.591091394,0.968174204
Position_40,331,518,8559.786133,2.18855,2.350731134,0.971857411
Position_40,336,831,16215.22949,3.510975,4.453107357,0.968531469
Position_41,13,432,5996.14209,1.8252,1.646690488,0.966442953
Position_41,16,842,14602.17383,3.55745,4.010121822,0.855691057
Position_41,25,851,14960.15918,3.595475,4.108433723,0.940331492
Position_41,60,415,5332.757813,1.753375,1.464508533,0.896328294
Position_41,86,744,11297.55469,3.1434,3.102590799,0.827586207
Position_41,90,611,9080.883789,2.581475,2.493837595,0.956181534
Position_41,110,653,8778.957031,2.758925,2.410921097,0.908205841
Position_41,111,371,4737.799316,1.567475,1.301118135,0.932160804
Position_42,22,586,8961.795898,2.47585,2.461133242,0.786577181
Position_42,26,497,7098.04834,2.099825,1.949301481,0.91697417
Position_42,58,310,3980.31543,1.30975,1.09309411,0.96875
Position_43,6,506,7503.992188,2.13785,2.060783863,0.873920553
Position_43,38,517,6828.559082,2.184325,1.875293016,0.656091371
Position_43,44,443,6704.989258,1.871675,1.841357589,0.958874459
Position_43,53,498,7248.003906,2.10405,1.990483046,0.965116279
Position_43,59,357,4442.19873,1.508325,1.219938755,0.946949602
Position_43,95,651,10032.85547,2.750475,2.755272865,0.958762887
Position_43,96,460,6857.356934,1.9435,1.883201599,0.940695297
Position_43,112,608,8450.847656,2.5688,2.320813894,0.912912913
Position_43,113,662,10770.65332,2.79695,2.957890511,0.93370945
Position_43,125,645,7760.109375,2.725125,2.131119967,0.850923483
Position_44,4,443,5147.154297,1.871675,1.413537264,0.863547758
Position_44,20,685,9228.286133,2.894125,2.53431797,0.842558426
Position_44,47,507,6493.876465,2.142075,1.783380747,0.828431373
Position_44,57,790,14462.36523,3.33775,3.971726894,0.891647856
Position_44,63,1464,40497.05469,6.1854,11.12150383,0.96126067
Position_44,66,730,10745.99902,3.08425,2.9511199,0.861865407
Position_44,74,515,7843.961914,2.175875,2.154148102,0.938069217
Position_44,84,515,6500.437012,2.175875,1.785182476,0.883361921
Position_44,103,508,6860.388184,2.1463,1.884034038,0.868376068
Position_44,108,238,2650.27002,1.00555,0.72783041,0.937007874
Position_44,111,369,4667.072754,1.559025,1.281694889,0.951030928
Position_44,122,261,2884.641846,1.102725,0.792194784,0.942238267
Position_45,5,257,2934.400146,1.085825,0.805859625,0.944852941
Position_45,7,393,5477.455078,1.660425,1.504246116,0.95157385
Position_45,32,597,9370.036133,2.522325,2.573246241,0.910060976
Position_45,60,600,9043.799805,2.535,2.483653545,0.872093023
Position_45,61,370,5191.680664,1.56325,1.425765276,0.953608247
Position_45,66,543,7819.46582,2.294175,2.147420883,0.91722973
Position_45,81,674,9221.208008,2.84765,2.532374144,0.903485255
Position_45,94,508,7895.412598,2.1463,2.16827774,0.94953271
Position_45,113,394,4769.705078,1.66465,1.309880257,0.81573499
Position_45,116,647,9715.170898,2.733575,2.668028831,0.933621934
Position_45,126,351,4642.551758,1.482975,1.274960756,0.961643836
Position_45,131,468,7203.32666,1.9773,1.978213549,0.964948454
Position_45,132,505,7644.697754,2.133625,2.099425077,0.961904762
Position_45,152,528,8120.971191,2.2308,2.230221748,0.958257713
Position_45,161,611,10872.81055,2.581475,2.985945463,0.905185185
Position_46,5,295,3011.325928,1.246375,0.826985359,0.939490446
Position_46,13,715,10074.62695,3.020875,2.766744375,0.942028986
Position_46,24,754,10218.63965,3.18565,2.806293964,0.834994463
Position_46,37,476,7006.630859,2.0111,1.924196005,0.924271845
Position_46,41,393,5470.611816,1.660425,1.502366781,0.967980296
Position_46,43,204,1940.758667,0.8619,0.532980859,0.962264151
Position_46,55,670,12525.09668,2.83075,3.439704657,0.959885387
Position_46,72,734,11122.77734,3.10115,3.054592609,0.727452924
Position_46,74,449,5962.592285,1.897025,1.637476921,0.935416667
Position_46,76,354,4866.962891,1.49565,1.336589694,0.944
Position_46,81,598,8343.560547,2.52655,2.291350365,0.885925926
Position_46,91,413,5991.639648,1.744925,1.645454049,0.964953271
Position_46,92,475,6338.970215,2.006875,1.74083972,0.925925926
Position_46,99,498,6672.803711,2.10405,1.832518697,0.905454545
Position_46,123,548,8059.574707,2.3153,2.213360786,0.941580756
Position_46,129,554,8194.864258,2.34065,2.250514507,0.920265781
Position_46,132,434,6404.461914,1.83365,1.758825302,0.964444444
Position_46,144,329,4327.273926,1.390025,1.188377619,0.959183673
Position_46,146,440,5873.104492,1.859,1.61290133,0.977777778
Position_46,148,698,12238.41992,2.94905,3.360975981,0.962758621
Position_46,152,436,6122.776367,1.8421,1.681467414,0.960352423
Position_47,23,312,3545.292969,1.3182,0.973626077,0.939759036
Position_47,30,494,7459.756836,2.08715,2.048635721,0.75304878
Position_47,47,379,5163.151855,1.601275,1.417930603,0.938118812
Position_47,48,377,4870.183105,1.592825,1.337473989,0.889150943
Position_47,64,464,7330.584961,1.9604,2.013161898,0.960662526
Position_47,69,423,5985.528809,1.787175,1.643775821,0.961363636
Position_47,71,323,4177.179199,1.364675,1.147157788,0.917613636
Position_47,98,178,1345.700195,0.75205,0.369562924,0.87254902
Position_47,110,459,6763.118164,1.939275,1.857321262,0.966315789
Position_47,134,445,6853.408203,1.880125,1.882117152,0.952890792
Position_47,136,165,1471.718018,0.697125,0.404170543,0.976331361
Position_48,91,377,5333.424805,1.592825,1.464691758,0.964194373
Position_48,119,559,8080.40918,2.361775,2.219082355,0.736495389
Position_48,121,504,7319.14502,2.1294,2.010020256,0.898395722
Position_49,3,372,5189.70459,1.5717,1.425222635,0.96124031
Position_49,5,800,15210.85645,3.38,4.17728138,0.954653938
Position_49,14,589,9628.685547,2.488525,2.644277811,0.956168831
Position_49,19,366,4892.904785,1.54635,1.343713999,0.955613577
Position_49,22,333,4465.262207,1.406925,1.226272583,0.951428571
Position_49,29,416,5886.239258,1.7576,1.616508484,0.956321839
Position_49,30,438,4953.574707,1.85055,1.360375404,0.876
Position_49,50,547,6927.194824,2.311075,1.902380824,0.954624782
Position_49,52,422,5867.731445,1.78295,1.611425757,0.974595843
Position_49,55,470,7059.452637,1.98575,1.938702106,0.975103734
Position_49,62,396,5719.979492,1.6731,1.570849299,0.951923077
Position_49,63,471,7054.082031,1.989975,1.937227249,0.957317073
Position_49,68,385,4537.028809,1.626625,1.245981574,0.955334988
Position_49,72,597,9567.666016,2.522325,2.627520323,0.950636943
Position_49,73,833,13484.99805,3.519425,3.703317642,0.843117409
Position_49,77,631,11150.74414,2.665975,3.062273026,0.961890244
Position_49,83,597,9609.663086,2.522325,2.639053583,0.972312704
Position_49,86,421,5848.036133,1.778725,1.606016874,0.946067416
Position_49,93,589,6974.425293,2.488525,1.91535151,0.875185736
Position_49,102,429,6063.321289,1.812525,1.665139556,0.968397291
Position_49,118,468,7201.316406,1.9773,1.97766149,0.970954357
Position_49,121,760,11665.59961,3.211,3.203665257,0.96692112
Position_49,123,378,4779.020508,1.59705,1.312438488,0.956962025
Position_49,126,344,4305.850098,1.4534,1.182494044,0.955555556
Position_49,141,486,7255.413086,2.05335,1.992517829,0.95481336
Position_49,146,346,3809.419922,1.46185,1.04616189,0.950549451
Position_49,149,364,4312.148438,1.5379,1.184223771,0.973262032
Position_49,150,310,3460.543213,1.30975,0.950351655,0.959752322
Position_49,158,513,6611.913574,2.167425,1.815796733,0.93956044
Position_49,169,401,5330.779785,1.694225,1.463965416,0.947990544
Position_49,174,591,9758.447266,2.496975,2.679913521,0.871681416
Position_49,182,592,9275.12793,2.5012,2.547182083,0.959481361
Position_49,183,699,11715.78516,2.953275,3.217447519,0.968144044
Position_49,192,577,9365.058594,2.437825,2.571879148,0.955298013
Position_49,193,591,9070.426758,2.496975,2.490965843,0.962540717
Position_49,194,479,7035.856445,2.023775,1.932222009,0.942913386
Position_50,2,450,6758.407715,1.90125,1.856027722,0.96359743
Position_50,9,482,6018.560059,2.03645,1.652847052,0.950690335
Position_50,15,659,10368.63379,2.784275,2.847486019,0.941428571
Position_50,21,479,5694.16748,2.023775,1.563760757,0.853832442
Position_50,22,584,9579.389648,2.4674,2.630739927,0.97171381
Position_50,23,362,4577.160645,1.52945,1.257002711,0.952631579
Position_50,25,608,10311.44727,2.5688,2.831781149,0.962025316
Position_50,30,241,2588.831299,1.018225,0.710957766,0.956349206
Position_50,31,504,5490.491211,2.1294,1.50782609,0.87804878
Position_50,39,440,6411.211914,1.859,1.760679007,0.969162996
Position_50,44,363,3657.401123,1.533675,1.004413724,0.95026178
Position_50,46,558,7256.458008,2.35755,1.992804766,0.895666132
Position_50,48,482,7249.191895,2.03645,1.990809321,0.965931864
Position_50,57,504,7974.464844,2.1294,2.189987421,0.965517241
Position_50,63,378,5119.174805,1.59705,1.405853391,0.964285714
Position_50,73,743,11560.07813,3.139175,3.174686432,0.85304248
Position_50,86,465,6722.27832,1.964625,1.846105695,0.943204868
Position_50,90,524,6290.910645,2.2139,1.727641344,0.827804107
Position_50,93,529,8245.362305,2.235025,2.264382601,0.948028674
Position_50,97,591,10508.91016,2.496975,2.886009455,0.96411093
Position_50,102,656,11370.58105,2.7716,3.122645855,0.966126657
Position_50,108,405,5113.738281,1.711125,1.404360294,0.939675174
Position_50,116,657,9516.098633,2.775825,2.613358498,0.867899604
Position_50,121,699,11673.7168,2.953275,3.20589447,0.964137931
Position_50,122,611,9516.563477,2.581475,2.61348629,0.966772152
Position_50,124,562,7143.567871,2.37445,1.961802244,0.841317365
Position_50,125,268,2091.733643,1.1323,0.574442327,0.924137931
Position_50,127,507,7180.320313,2.142075,1.971895456,0.947663551
Position_50,129,500,7875.630859,2.1125,2.162845135,0.959692898
Position_50,131,529,7882.90918,2.235025,2.164843798,0.948028674
Position_50,138,565,7658.19043,2.387125,2.103130579,0.938538206
Position_50,139,504,7256.371094,2.1294,1.992780924,0.961832061
Position_50,144,746,10420.23535,3.15185,2.861657143,0.9407314
Position_50,165,463,7174.491211,1.956175,1.970294595,0.968619247
Position_50,166,365,4858.635742,1.542125,1.334302783,0.938303342
Position_50,167,286,3079.311035,1.20835,0.845655799,0.916666667
Position_50,168,504,7550.98291,2.1294,2.073688745,0.969230769
Position_50,170,555,8357.123047,2.344875,2.29507494,0.971978984
Position_50,172,414,5517.84668,1.74915,1.515338659,0.949541284
Position_50,173,553,9099.078125,2.336425,2.498834372,0.951807229
Position_50,186,377,4801.350586,1.592825,1.318570852,0.961734694
Position_50,191,611,9904.138672,2.581475,2.719923973,0.957680251
Position_50,203,698,9881.453125,2.94905,2.713694096,0.907672302
Position_50,225,836,14551.50684,3.5321,3.996207476,0.88
Position_50,226,461,5765.871582,1.947725,1.583452463,0.940816327
Position_50,234,400,5381.98584,1.69,1.478027821,0.968523002
Position_50,243,492,7512.478027,2.0787,2.063114166,0.964705882
Position_51,29,493,7136.10791,2.082925,1.959753633,0.961013645
Position_51,32,410,5677.398926,1.73225,1.559155703,0.964705882
Position_51,45,563,7604.903809,2.378675,2.088496685,0.965694683
Position_51,52,439,4729.01416,1.854775,1.298705459,0.958515284
Position_51,53,391,5457.538574,1.651975,1.498776555,0.939903846
Position_51,69,466,7408.293945,1.96885,2.034502745,0.968814969
Position_51,100,637,11038.26074,2.691325,3.031382322,0.96223565
Position_51,101,608,8288.40625,2.5688,2.276203632,0.882438316
Position_51,106,544,8796.415039,2.2984,2.415715456,0.957746479
Position_51,108,633,7621.724609,2.674425,2.093116045,0.855405405
Position_51,110,296,3100.421875,1.2506,0.851453364,0.905198777
Position_51,115,397,5702.15625,1.677325,1.565954685,0.968292683
Position_51,118,573,7914.477051,2.420925,2.173513174,0.959798995
Position_51,119,663,11846.15332,2.801175,3.253249884,0.962264151
Position_51,120,995,16801.91211,4.203875,4.614224911,0.825041459
Position_51,124,432,5600.013672,1.8252,1.537903786,0.9751693
Position_51,128,758,11193.35547,3.20255,3.073975086,0.955863808
Position_51,134,295,3386.103271,1.246375,0.929908574,0.964052288
Position_51,138,250,2753.449463,1.05625,0.756166041,0.950570342
Position_51,154,793,15382.69141,3.350425,4.224471569,0.964720195
Position_51,155,436,5879.075684,1.8421,1.614541173,0.933618844
Position_51,160,342,4384.397461,1.44495,1.204065084,0.957983193
Position_51,162,253,2572.958252,1.068925,0.706598639,0.944029851
Position_51,169,278,3214.565186,1.17455,0.882799923,0.972027972
Position_51,172,450,6509.858887,1.90125,1.787769914,0.959488273
Position_51,174,632,10936.23047,2.6702,3.003362179,0.969325153
Position_51,175,505,7657.663574,2.133625,2.102985859,0.924908425
Position_51,177,618,8605.53418,2.61105,2.36329484,0.870422535
Position_51,183,662,11333.70313,2.79695,3.112518072,0.963609898
Position_51,186,441,6033.062988,1.863225,1.656829953,0.954545455
Position_51,201,445,5652.864746,1.880125,1.552417994,0.963203463
Position_51,204,826,15571.74316,3.48985,4.276390076,0.972909305
Position_51,213,448,6092.678223,1.8928,1.67320168,0.96344086
Position_51,217,390,4487.196289,1.64775,1.232296228,0.958230958
Position_51,219,631,10441.13867,2.665975,2.867397547,0.961890244
Position_51,225,686,8531.576172,2.89835,2.342983961,0.888601036
Position_51,233,687,12553.30371,2.902575,3.447450876,0.967605634
Position_51,234,425,6184.378906,1.795625,1.698385,0.970319635
Position_51,252,631,10893.64063,2.665975,2.991666079,0.910533911
Position_51,254,352,4413.406738,1.4872,1.212031841,0.951351351
Position_51,258,554,8620.025391,2.34065,2.367274523,0.961805556
Position_51,260,688,12841.72852,2.9068,3.526659727,0.955555556
Position_51,262,588,9061.068359,2.4843,2.488395929,0.967105263
Position_52,10,552,7764.700195,2.3322,2.132380724,0.953367876
Position_52,11,368,4611.248047,1.5548,1.266363978,0.958333333
Position_52,12,363,4978.05957,1.533675,1.367099643,0.968
Position_52,17,480,6865.493164,2.028,1.885436058,0.971659919
Position_52,29,528,8640.576172,2.2308,2.372918129,0.96350365
Position_52,39,262,2791.481201,1.10695,0.766610503,0.963235294
Position_52,53,336,4105.519043,1.4196,1.127478123,0.949152542
Position_52,57,231,2428.311523,0.975975,0.666875064,0.970588235
Position_52,60,809,14593.84961,3.418025,4.007835865,0.949530516
Position_52,61,449,6781.017578,1.897025,1.862236977,0.963519313
Position_52,69,303,3370.83374,1.280175,0.925715208,0.955835962
Position_52,70,370,5101.076172,1.56325,1.400883079,0.973684211
Position_52,93,351,4743.341309,1.482975,1.30264008,0.959016393
Position_52,95,843,13344.37207,3.561675,3.664698124,0.909385113
Position_52,111,447,6858.361816,1.888575,1.883477569,0.957173448
Position_52,116,572,8887.851563,2.4167,2.440826178,0.954924875
Position_52,118,563,7286.688477,2.378675,2.001106739,0.933665008
Position_52,129,726,12143.63477,3.06735,3.334945679,0.957783641
Position_52,130,309,3756.879395,1.305525,1.031733036,0.971698113
Position_52,139,665,10542.26758,2.809625,2.895170212,0.96797671
Position_52,140,570,9701.317383,2.40825,2.664224148,0.964467005
Position_52,149,437,6283.088867,1.846325,1.725493312,0.954148472
Position_52,150,524,6670.569824,2.2139,1.831905246,0.97037037
Position_52,153,648,9595.522461,2.7378,2.635170221,0.958579882
Position_52,162,330,4342.041016,1.39425,1.192433,0.964912281
Position_52,164,576,9313.066406,2.4336,2.557600737,0.961602671
Position_52,171,509,8412.679688,2.150525,2.31033206,0.973231358
Position_52,172,422,5470.787109,1.78295,1.502414942,0.959090909
Position_52,178,331,3654.376953,1.398475,1.003583312,0.95942029
Position_52,181,496,5000.046875,2.0956,1.373137832,0.867132867
Position_52,184,519,8566.101563,2.192775,2.35246563,0.962894249
Position_52,185,535,7868.000488,2.260375,2.160749674,0.965703971
Position_52,187,388,5477.512207,1.6393,1.504261732,0.972431078
Position_52,188,669,9387.282227,2.826525,2.577982426,0.920220083
Position_52,195,568,8645.899414,2.3998,2.374380112,0.96434635
Position_52,196,490,7967.962891,2.07025,2.188201666,0.960784314
Position_52,199,689,10894.36816,2.911025,2.991865873,0.927321669
Position_52,201,602,7731.553223,2.54345,2.123277664,0.926153846
Position_52,207,381,5170.79541,1.609725,1.42002964,0.962121212
Position_52,213,627,10666.35938,2.649075,2.92924881,0.967592593
Position_52,214,237,2270.202148,1.001325,0.623454273,0.936758893
Position_52,241,534,7460.425781,2.25615,2.048819304,0.951871658
Position_52,245,522,7467.926758,2.20545,2.05087924,0.966666667
Position_52,246,698,11052.98145,2.94905,3.035424948,0.966759003
Position_52,264,370,4259.12793,1.56325,1.169662952,0.948717949
Position_53,24,501,6645.582031,2.116725,1.825042963,0.952471483
Position_53,27,489,7796.919922,2.066025,2.141229153,0.966403162
Position_53,37,604,10231.24414,2.5519,2.809755325,0.967948718
Position_53,41,365,4222.811035,1.542125,1.159689426,0.921717172
Position_53,42,594,9776.806641,2.50965,2.684955597,0.965853659
Position_53,43,982,17754.62891,4.14895,4.875864983,0.872113677
Position_53,55,440,5610.597168,1.859,1.540810227,0.979955457
Position_53,65,537,7540.731934,2.268825,2.070873499,0.929065744
Position_53,68,619,9734.806641,2.615275,2.673421144,0.964174455
Position_53,69,696,11462.2168,2.9406,3.147811174,0.952120383
Position_53,73,804,14635.88184,3.3969,4.019379139,0.942555686
Position_53,82,335,4095.974121,1.415375,1.12485683,0.943661972
Position_53,88,361,4140.823242,1.525225,1.137173533,0.967828418
Position_53,96,315,3744.81665,1.330875,1.02842021,0.957446809
Position_53,113,491,7198.444336,2.074475,1.976872802,0.95711501
Position_53,117,198,2039.02417,0.83655,0.559966981,0.956521739
Position_53,118,639,10690.62598,2.699775,2.935913086,0.949479941
Position_53,121,410,5106.039063,1.73225,1.402245998,0.966981132
Position_53,127,339,4341.939453,1.432275,1.192405105,0.946927374
Position_53,133,279,2966.024414,1.178775,0.814544439,0.96875
Position_53,134,297,3479.395264,1.254825,0.955528915,0.973770492
Position_53,136,332,4071.549072,1.4027,1.118149161,0.940509915
Position_53,137,423,5298.47998,1.787175,1.455095053,0.957013575
Position_53,139,670,10143.91406,2.83075,2.785772324,0.922865014
Position_53,143,474,6129.117676,2.00265,1.683208942,0.951807229
Position_53,146,629,8412.271484,2.657525,2.310220003,0.931851852
Position_53,147,554,7914.944824,2.34065,2.173641682,0.932659933
Position_53,148,530,8195.548828,2.23925,2.25070262,0.954954955
Position_53,162,519,7181.231934,2.192775,1.972145796,0.928443649
Position_53,176,475,7290.566895,2.006875,2.002171993,0.95766129
Position_53,190,499,6769.577148,2.108275,1.859095097,0.957773512
Position_53,194,744,11030.46973,3.1434,3.029242754,0.842582106
Position_53,195,543,8017.532227,2.294175,2.201814651,0.97311828
Position_53,205,645,10443.58105,2.725125,2.868068457,0.951327434
Position_53,207,493,8043.357422,2.082925,2.208906889,0.968565815
Position_53,216,535,9165.349609,2.260375,2.517034054,0.94858156
Position_53,218,331,4321.091309,1.398475,1.186679721,0.951149425
Position_53,221,604,9670.794922,2.5519,2.655842066,0.954186414
Position_53,224,632,10213.53711,2.6702,2.80489254,0.861035422
Position_53,227,643,11372.24805,2.716675,3.123103619,0.851655629
Position_53,228,208,2031.5625,0.8788,0.557917833,0.96744186
Position_53,231,612,8644.897461,2.5857,2.374104977,0.953271028
Position_53,240,378,5126.458008,1.59705,1.407853484,0.969230769
Position_53,245,204,1721.294434,0.8619,0.47271049,0.953271028
Position_53,255,428,4465.650391,1.8083,1.226379275,0.88981289
Position_54,14,600,10627.90723,2.535,2.918689013,0.967741935
Position_54,35,536,7936.318848,2.2646,2.179511547,0.962298025
Position_54,69,519,5363.602539,2.192775,1.472979307,0.950549451
Position_54,84,498,7788.303223,2.10405,2.138862848,0.976470588
Position_54,105,363,3936.812744,1.533675,1.081147194,0.95026178
Position_54,118,568,8677.368164,2.3998,2.383022308,0.965986395
Position_54,121,397,5164.703613,1.677325,1.418356657,0.942992874
Position_54,133,301,3211.294922,1.271725,0.88190186,0.934782609
Position_54,135,705,12716.06543,2.978625,3.492149353,0.963114754
Position_54,156,351,4746.271484,1.482975,1.303444743,0.948648649
Position_54,167,334,4179.908691,1.41115,1.147907376,0.910081744
Position_54,177,429,5881.503906,1.812525,1.61520803,0.961883408
Position_54,187,460,6618.041016,1.9435,1.817479491,0.936863544
Position_54,191,680,12427.65039,2.873,3.412943363,0.964539007
Position_54,198,414,4569.974121,1.74915,1.255029082,0.947368421
Position_54,205,496,7326.081055,2.0956,2.011924982,0.952015355
Position_54,206,539,7761.065918,2.277275,2.131382704,0.967684022
Position_54,211,335,3947.340576,1.415375,1.084038377,0.927977839
Position_54,212,696,13236.23145,2.9406,3.63499999,0.969359331
Position_54,217,310,3728.817871,1.30975,1.024026632,0.956790123
Position_54,229,909,14166.83789,3.840525,3.89056778,0.844795539
Position_54,242,729,13930.53418,3.080025,3.825672865,0.970705726
Position_54,244,374,4916.635742,1.58015,1.350231051,0.951653944
Position_54,249,623,9469.540039,2.632175,2.600572348,0.967391304
Position_54,257,536,7098.665039,2.2646,1.949470878,0.922547332
Position_54,258,492,7902.605469,2.0787,2.170253038,0.942528736
Position_54,266,868,17128.9668,3.6673,4.704042435,0.959116022
Position_54,270,584,9928.771484,2.4674,2.726688862,0.960526316
Position_54,271,556,8421.415039,2.3491,2.312731028,0.95862069
Position_54,282,432,6147.321777,1.8252,1.688208222,0.943231441
Position_54,288,360,4863.416992,1.521,1.335615873,0.965147453
Position_54,300,354,4214.019043,1.49565,1.157274961,0.964577657
Position_54,303,516,8266.212891,2.1801,2.2701087,0.973584906
Position_55,7,579,8238.462891,2.446275,2.262487888,0.935379645
Position_55,29,575,9243.081055,2.429375,2.5383811,0.964765101
Position_55,34,802,15262.91504,3.38845,4.191577911,0.954761905
Position_55,52,726,12587.55078,3.06735,3.456856012,0.97188755
Position_55,53,703,12536.60938,2.970175,3.442866325,0.963013699
Position_55,56,432,5801.554688,1.8252,1.593251944,0.966442953
Position_55,90,774,11103.55469,3.27015,3.049313545,0.896871379
Position_55,91,440,5971.275879,1.859,1.639861584,0.967032967
Position_55,92,592,8090.936035,2.5012,2.221973181,0.945686901
Position_55,95,519,8200.597656,2.192775,2.252089024,0.964684015
Position_55,104,636,10110.32813,2.6871,2.776548862,0.957831325
Position_55,107,629,8770.663086,2.657525,2.408643246,0.943028486
Position_55,108,544,8263.494141,2.2984,2.269361973,0.971428571
Position_55,116,729,11884.48828,3.080025,3.263777494,0.965562914
Position_55,118,465,7249.195313,1.964625,1.990810275,0.9375
Position_55,122,471,7446.81543,1.989975,2.045081615,0.969135802
Position_55,128,520,7346.958496,2.197,2.017658472,0.961182994
Position_55,129,663,11121.48535,2.801175,3.054237843,0.932489451
Position_55,133,313,3917.65332,1.322425,1.075885534,0.963076923
Position_55,143,600,9431.03418,2.535,2.589997768,0.963081862
Position_55,149,413,5003.210938,1.744925,1.374006748,0.956018519
Position_55,150,772,13772.20313,3.2617,3.782191277,0.96620776
Position_55,169,410,5222.437988,1.73225,1.434211969,0.957943925
Position_55,171,676,10973.22656,2.8561,3.013522387,0.962962963
Position_55,172,348,4371.5625,1.4703,1.200540304,0.969359331
Position_55,178,562,6452.04248,2.37445,1.77189219,0.893481717
Position_55,182,596,8711.498047,2.5181,2.39239502,0.93125
Position_55,193,424,4743.784668,1.7914,1.302761793,0.933920705
Position_55,201,484,6372.050293,2.0449,1.749924302,0.93256262
Position_55,205,419,5728.637695,1.770275,1.573227048,0.945823928
Position_55,213,342,4087.33252,1.44495,1.12248373,0.974358974
Position_55,220,646,8386.935547,2.72935,2.303262234,0.936231884
Position_55,248,297,3387.811523,1.254825,0.930377722,0.961165049
Position_55,254,501,6461.891602,2.116725,1.77459693,0.954285714
Position_55,255,538,8090.045898,2.27305,2.221728802,0.943859649
Position_55,257,391,5286.393555,1.651975,1.451775789,0.928741093
Position_56,16,693,9456.853516,2.927925,2.597088337,0.932705249
Position_56,18,402,5855.184082,1.69845,1.607979894,0.966346154
Position_56,21,732,9909.541016,3.0927,2.721407652,0.898159509
Position_56,54,713,12883.64648,3.012425,3.538171291,0.896855346
Position_56,58,556,9160.958984,2.3491,2.515828371,0.968641115
Position_56,61,617,8835.625977,2.606825,2.426483631,0.922272048
Position_56,63,505,7626.588867,2.133625,2.094451904,0.974903475
Position_56,67,585,8166.883301,2.471625,2.242830276,0.897239264
Position_56,74,536,8110.505859,2.2646,2.227347612,0.967509025
Position_56,81,450,6049.163086,1.90125,1.661251426,0.980392157
Position_56,98,634,9795.87207,2.67865,2.690191269,0.886713287
Position_56,100,401,4506.336914,1.694225,1.237552762,0.943529412
Position_56,113,558,7981.133789,2.35755,2.191818714,0.8928
Position_56,122,549,7786.305176,2.319525,2.138314009,0.95979021
Position_56,124,749,12973.93457,3.164525,3.562966824,0.956577267
Position_56,128,462,6579.322266,1.95195,1.80684638,0.966527197
Position_56,145,656,11280.99902,2.7716,3.098044395,0.927864215
Position_56,167,646,10419.0293,2.72935,2.861325979,0.974358974
Position_56,170,236,2476.593994,0.9971,0.680134594,0.959349593
Position_56,173,549,8723.116211,2.319525,2.395585775,0.968253968
Position_56,177,379,5155.463379,1.601275,1.415819049,0.959493671
Position_56,179,737,9885.013672,3.113825,2.71467185,0.8742586
Position_56,181,673,11290.99609,2.843425,3.100789785,0.946554149
Position_56,185,504,8326.042969,2.1294,2.286539555,0.956356736
Position_56,190,742,12985.96191,3.13495,3.566269636,0.932160804
Position_56,200,289,3234.102051,1.221025,0.888165236,0.966555184
Position_56,225,249,2888.152588,1.052025,0.793158889,0.984189723
Position_56,231,812,12829.74707,3.4307,3.523369312,0.925883694
Position_56,233,511,5991.193359,2.158975,1.645331502,0.818910256
Position_56,236,513,6962.377441,2.167425,1.912042856,0.960674157
Position_56,239,513,7806.765625,2.167425,2.143933058,0.951762523
Position_56,245,746,12148.67871,3.15185,3.336330891,0.955185659
Position_56,255,560,9223.491211,2.366,2.533001184,0.967184801
Position_56,258,439,4957.956055,1.854775,1.361578703,0.894093686
Position_56,264,595,8767.958984,2.513875,2.40790081,0.962783172
Position_56,275,600,8691.520508,2.535,2.38690877,0.953895072
Position_56,286,814,14052.34375,3.43915,3.859124899,0.863202545
Position_56,287,464,6564.072754,1.9604,1.802658439,0.958677686
Position_56,304,430,5039.274902,1.81675,1.383910894,0.940919037